SECCION,ANIO,TIPO_ELECCION,VOTOS_MC,VOTOS_TOTALES,VOTOS_NULOS,LISTA_NOMINAL_HIST,ABSTENCIONISMO_HIST
5169.0,2018,MUNICIPAL,32.0,1449.0,0,2120.0,671.0
5169.0,2024,MUNICIPAL,72.0,1438.0,0,2369.0,931.0
5170.0,2018,MUNICIPAL,48.0,1708.0,0,2347.0,639.0
5170.0,2024,MUNICIPAL,125.0,1660.0,0,2317.0,657.0
5171.0,2018,MUNICIPAL,26.833333333333332,1016.0,0,1449.0,433.0
5171.0,2024,MUNICIPAL,77.0,1025.0,0,1485.0,460.0
5172.0,2018,MUNICIPAL,11.333333333333334,626.0,0,909.0,283.0
5172.0,2024,MUNICIPAL,46.0,701.0,0,950.0,249.0
5173.0,2018,MUNICIPAL,14.666666666666666,1018.0,0,1547.0,529.0
5173.0,2024,MUNICIPAL,93.0,982.0,0,1517.0,535.0
5174.0,2018,MUNICIPAL,23.166666666666668,1379.0,0,1785.0,406.0
5174.0,2024,MUNICIPAL,88.0,1413.0,0,1831.0,418.0
5175.0,2018,MUNICIPAL,33.666666666666664,1281.0,0,1674.0,393.0
5175.0,2024,MUNICIPAL,87.0,1216.0,0,1670.0,454.0
5176.0,2018,MUNICIPAL,29.0,1490.0,0,1888.0,398.0
5176.0,2024,MUNICIPAL,108.0,1441.0,0,1876.0,435.0
5177.0,2018,MUNICIPAL,34.833333333333336,1700.0,0,2194.0,494.0
5177.0,2024,MUNICIPAL,176.0,1781.0,0,2413.0,632.0
5178.0,2018,MUNICIPAL,27.5,1701.0,0,2270.0,569.0
5178.0,2024,MUNICIPAL,123.0,1724.0,0,2359.0,635.0
5179.0,2018,MUNICIPAL,32.5,1478.0,0,1937.0,459.0
5179.0,2024,MUNICIPAL,113.0,1606.0,0,2129.0,523.0
5180.0,2018,MUNICIPAL,23.666666666666668,1061.0,0,1387.0,326.0
5180.0,2024,MUNICIPAL,83.0,1052.0,0,1356.0,304.0
5181.0,2018,MUNICIPAL,12.333333333333334,801.0,0,1082.0,281.0
5181.0,2024,MUNICIPAL,53.0,759.0,0,1013.0,254.0
5182.0,2018,MUNICIPAL,8.333333333333332,303.0,0,452.0,149.0
5182.0,2024,MUNICIPAL,123.0,395.0,0,465.0,70.0
5183.0,2018,MUNICIPAL,10.333333333333334,789.0,0,1007.0,218.0
5183.0,2024,MUNICIPAL,60.0,750.0,0,994.0,244.0
5184.0,2018,MUNICIPAL,17.0,848.0,0,1157.0,309.0
5184.0,2024,MUNICIPAL,64.0,815.0,0,1117.0,302.0
5185.0,2018,MUNICIPAL,39.333333333333336,1525.0,0,2124.0,599.0
5185.0,2024,MUNICIPAL,124.0,1422.0,0,2148.0,726.0
5186.0,2018,MUNICIPAL,31.666666666666668,1395.0,0,1890.0,495.0
5186.0,2024,MUNICIPAL,118.0,1417.0,0,1898.0,481.0
5187.0,2018,MUNICIPAL,24.833333333333332,1031.0,0,1456.0,425.0
5187.0,2024,MUNICIPAL,88.0,1003.0,0,1527.0,524.0
5188.0,2018,MUNICIPAL,39.333333333333336,2112.0,0,2894.0,782.0
5188.0,2024,MUNICIPAL,143.0,2154.0,0,3137.0,983.0
5189.0,2018,MUNICIPAL,21.166666666666668,1139.0,0,1554.0,415.0
5189.0,2024,MUNICIPAL,76.0,1167.0,0,1649.0,482.0
5190.0,2018,MUNICIPAL,38.166666666666664,1796.0,0,2546.0,750.0
5190.0,2024,MUNICIPAL,154.0,1802.0,0,2758.0,956.0
5191.0,2018,MUNICIPAL,27.166666666666668,1402.0,0,1788.0,386.0
5191.0,2024,MUNICIPAL,98.0,1475.0,0,1852.0,377.0
5192.0,2018,MUNICIPAL,16.666666666666668,1055.0,0,1341.0,286.0
5192.0,2024,MUNICIPAL,62.0,1039.0,0,1376.0,337.0
5193.0,2018,MUNICIPAL,16.833333333333332,996.0,0,1274.0,278.0
5193.0,2024,MUNICIPAL,79.0,921.0,0,1274.0,353.0
5194.0,2018,MUNICIPAL,5.333333333333333,287.0,0,398.0,111.0
5194.0,2024,MUNICIPAL,20.0,300.0,0,400.0,100.0
5195.0,2018,MUNICIPAL,1.0,151.0,0,192.0,41.0
5195.0,2024,MUNICIPAL,8.0,133.0,0,173.0,40.0
5196.0,2018,MUNICIPAL,1.8333333333333333,280.0,0,384.0,104.0
5196.0,2024,MUNICIPAL,16.0,241.0,0,341.0,100.0
5197.0,2018,MUNICIPAL,9.833333333333334,332.0,0,436.0,104.0
5197.0,2024,MUNICIPAL,20.0,267.0,0,372.0,105.0
5198.0,2018,MUNICIPAL,28.833333333333332,1020.0,0,1372.0,352.0
5198.0,2024,MUNICIPAL,67.0,969.0,0,1304.0,335.0
5199.0,2018,MUNICIPAL,8.666666666666666,511.0,0,666.0,155.0
5199.0,2024,MUNICIPAL,33.0,473.0,0,625.0,152.0
5200.0,2018,MUNICIPAL,20.166666666666668,724.0,0,921.0,197.0
5200.0,2024,MUNICIPAL,53.0,642.0,0,868.0,226.0
5201.0,2018,MUNICIPAL,23.166666666666668,1177.0,0,1500.0,323.0
5201.0,2024,MUNICIPAL,88.0,1181.0,0,1547.0,366.0
5202.0,2018,MUNICIPAL,17.333333333333332,1164.0,0,1466.0,302.0
5202.0,2024,MUNICIPAL,68.0,1218.0,0,1540.0,322.0
5203.0,2018,MUNICIPAL,31.666666666666668,2161.0,0,2806.0,645.0
5203.0,2024,MUNICIPAL,158.0,2218.0,0,2863.0,645.0
5204.0,2018,MUNICIPAL,1.3333333333333333,135.0,0,171.0,36.0
5204.0,2024,MUNICIPAL,3.0,127.0,0,151.0,24.0
5205.0,2018,MUNICIPAL,11.333333333333334,521.0,0,670.0,149.0
5205.0,2024,MUNICIPAL,31.0,501.0,0,638.0,137.0
5206.0,2018,MUNICIPAL,11.0,652.0,0,830.0,178.0
5206.0,2024,MUNICIPAL,35.0,590.0,0,761.0,171.0
5207.0,2018,MUNICIPAL,13.333333333333334,548.0,0,702.0,154.0
5207.0,2024,MUNICIPAL,36.0,518.0,0,650.0,132.0
5208.0,2018,MUNICIPAL,4.333333333333333,212.0,0,271.0,59.0
5208.0,2024,MUNICIPAL,11.0,191.0,0,259.0,68.0
5209.0,2018,MUNICIPAL,4.0,240.0,0,326.0,86.0
5209.0,2024,MUNICIPAL,22.0,218.0,0,320.0,102.0
5210.0,2018,MUNICIPAL,1.3333333333333333,383.0,0,503.0,120.0
5210.0,2024,MUNICIPAL,16.0,342.0,0,435.0,93.0
5211.0,2018,MUNICIPAL,8.833333333333334,431.0,0,531.0,100.0
5211.0,2024,MUNICIPAL,18.0,381.0,0,493.0,112.0
5212.0,2018,MUNICIPAL,5.0,234.0,0,312.0,78.0
5212.0,2024,MUNICIPAL,16.0,221.0,0,273.0,52.0
5213.0,2018,MUNICIPAL,9.166666666666666,734.0,0,908.0,174.0
5213.0,2024,MUNICIPAL,32.0,672.0,0,917.0,245.0
5214.0,2018,MUNICIPAL,16.666666666666668,975.0,0,1271.0,296.0
5214.0,2024,MUNICIPAL,54.0,970.0,0,1229.0,259.0
5215.0,2018,MUNICIPAL,8.333333333333334,587.0,0,765.0,178.0
5215.0,2024,MUNICIPAL,35.0,596.0,0,797.0,201.0
5216.0,2018,MUNICIPAL,15.166666666666666,659.0,0,778.0,119.0
5216.0,2024,MUNICIPAL,29.0,621.0,0,756.0,135.0
5217.0,2018,MUNICIPAL,18.0,858.0,0,1088.0,230.0
5217.0,2024,MUNICIPAL,63.0,848.0,0,1064.0,216.0
5218.0,2018,MUNICIPAL,19.0,1018.0,0,1267.0,249.0
5218.0,2024,MUNICIPAL,53.0,1032.0,0,1238.0,206.0
5219.0,2018,MUNICIPAL,20.0,1219.0,0,1472.0,253.0
5219.0,2024,MUNICIPAL,77.0,1156.0,0,1399.0,243.0
5220.0,2018,MUNICIPAL,29.5,871.0,0,1069.0,198.0
5220.0,2024,MUNICIPAL,49.0,829.0,0,1066.0,237.0
5221.0,2018,MUNICIPAL,12.0,679.0,0,828.0,149.0
5221.0,2024,MUNICIPAL,33.0,615.0,0,780.0,165.0
5222.0,2018,MUNICIPAL,8.333333333333334,726.0,0,943.0,217.0
5222.0,2024,MUNICIPAL,51.0,719.0,0,869.0,150.0
5223.0,2018,MUNICIPAL,14.666666666666666,828.0,0,1095.0,267.0
5223.0,2024,MUNICIPAL,65.0,809.0,0,1063.0,254.0
5224.0,2018,MUNICIPAL,12.666666666666666,754.0,0,973.0,219.0
5224.0,2024,MUNICIPAL,49.0,693.0,0,900.0,207.0
5225.0,2018,MUNICIPAL,12.333333333333334,687.0,0,886.0,199.0
5225.0,2024,MUNICIPAL,39.0,629.0,0,791.0,162.0
5226.0,2018,MUNICIPAL,15.0,855.0,0,1090.0,235.0
5226.0,2024,MUNICIPAL,39.0,815.0,0,1006.0,191.0
5227.0,2018,MUNICIPAL,19.0,988.0,0,1259.0,271.0
5227.0,2024,MUNICIPAL,81.0,962.0,0,1236.0,274.0
5228.0,2018,MUNICIPAL,13.666666666666666,810.0,0,1018.0,208.0
5228.0,2024,MUNICIPAL,57.0,791.0,0,1046.0,255.0
5229.0,2018,MUNICIPAL,20.166666666666668,777.0,0,1006.0,229.0
5229.0,2024,MUNICIPAL,71.0,794.0,0,1043.0,249.0
5230.0,2018,MUNICIPAL,3.0,606.0,0,771.0,165.0
5230.0,2024,MUNICIPAL,28.0,540.0,0,709.0,169.0
5231.0,2018,MUNICIPAL,20.666666666666668,1078.0,0,1419.0,341.0
5231.0,2024,MUNICIPAL,71.0,1025.0,0,1321.0,296.0
5232.0,2018,MUNICIPAL,21.833333333333332,1263.0,0,1677.0,414.0
5232.0,2024,MUNICIPAL,86.0,1147.0,0,1525.0,378.0
5233.0,2018,MUNICIPAL,8.0,744.0,0,899.0,155.0
5233.0,2024,MUNICIPAL,12.0,666.0,0,810.0,144.0
5234.0,2018,MUNICIPAL,6.5,763.0,0,943.0,180.0
5234.0,2024,MUNICIPAL,52.0,743.0,0,888.0,145.0
5235.0,2018,MUNICIPAL,15.5,842.0,0,1078.0,236.0
5235.0,2024,MUNICIPAL,53.0,798.0,0,1051.0,253.0
5236.0,2018,MUNICIPAL,19.0,1303.0,0,1572.0,269.0
5236.0,2024,MUNICIPAL,87.0,1251.0,0,1517.0,266.0
5237.0,2018,MUNICIPAL,19.166666666666668,1171.0,0,1552.0,381.0
5237.0,2024,MUNICIPAL,99.0,1226.0,0,1610.0,384.0
5238.0,2018,MUNICIPAL,8.0,811.0,0,967.0,156.0
5238.0,2024,MUNICIPAL,45.0,733.0,0,899.0,166.0
5239.0,2018,MUNICIPAL,8.0,742.0,0,932.0,190.0
5239.0,2024,MUNICIPAL,54.0,687.0,0,870.0,183.0
5240.0,2018,MUNICIPAL,22.5,1182.0,0,1461.0,279.0
5240.0,2024,MUNICIPAL,61.0,1061.0,0,1367.0,306.0
5241.0,2018,MUNICIPAL,17.5,1021.0,0,1230.0,209.0
5241.0,2024,MUNICIPAL,51.0,922.0,0,1148.0,226.0
5242.0,2018,MUNICIPAL,20.0,1179.0,0,1521.0,342.0
5242.0,2024,MUNICIPAL,77.0,1059.0,0,1474.0,415.0
5243.0,2018,MUNICIPAL,10.333333333333334,890.0,0,1186.0,296.0
5243.0,2024,MUNICIPAL,47.0,840.0,0,1079.0,239.0
5244.0,2018,MUNICIPAL,13.5,1064.0,0,1462.0,398.0
5244.0,2024,MUNICIPAL,100.0,955.0,0,1340.0,385.0
5245.0,2018,MUNICIPAL,29.333333333333332,1222.0,0,1614.0,392.0
5245.0,2024,MUNICIPAL,99.0,1128.0,0,1470.0,342.0
5246.0,2018,MUNICIPAL,18.666666666666668,638.0,0,978.0,340.0
5246.0,2024,MUNICIPAL,63.0,649.0,0,1027.0,378.0
5247.0,2018,MUNICIPAL,9.0,594.0,0,851.0,257.0
5247.0,2024,MUNICIPAL,40.0,546.0,0,833.0,287.0
5248.0,2018,MUNICIPAL,29.833333333333332,1571.0,0,2061.0,490.0
5248.0,2024,MUNICIPAL,81.0,1510.0,0,2002.0,492.0
5249.0,2018,MUNICIPAL,24.166666666666668,926.0,0,1208.0,282.0
5249.0,2024,MUNICIPAL,85.0,921.0,0,1179.0,258.0
5250.0,2018,MUNICIPAL,20.666666666666668,884.0,0,1249.0,365.0
5250.0,2024,MUNICIPAL,86.0,892.0,0,1248.0,356.0
5251.0,2018,MUNICIPAL,15.166666666666666,1152.0,0,1608.0,456.0
5251.0,2024,MUNICIPAL,85.0,1111.0,0,1587.0,476.0
5252.0,2018,MUNICIPAL,16.166666666666664,1090.0,0,1506.0,416.0
5252.0,2024,MUNICIPAL,95.0,1096.0,0,1519.0,423.0
5253.0,2018,MUNICIPAL,11.0,799.0,0,1203.0,404.0
5253.0,2024,MUNICIPAL,71.0,749.0,0,1108.0,359.0
5254.0,2018,MUNICIPAL,19.833333333333332,1027.0,0,1365.0,338.0
5254.0,2024,MUNICIPAL,83.0,970.0,0,1388.0,418.0
5255.0,2018,MUNICIPAL,34.16666666666667,1364.0,0,1838.0,474.0
5255.0,2024,MUNICIPAL,124.0,1341.0,0,1867.0,526.0
5256.0,2018,MUNICIPAL,23.666666666666668,1176.0,0,1712.0,536.0
5256.0,2024,MUNICIPAL,132.0,1096.0,0,1738.0,642.0
5257.0,2018,MUNICIPAL,22.5,1144.0,0,1625.0,481.0
5257.0,2024,MUNICIPAL,105.0,1065.0,0,1670.0,605.0
5258.0,2018,MUNICIPAL,26.666666666666668,1293.0,0,1740.0,447.0
5258.0,2024,MUNICIPAL,131.0,1318.0,0,1854.0,536.0
5259.0,2018,MUNICIPAL,25.5,1140.0,0,1634.0,494.0
5259.0,2024,MUNICIPAL,91.0,1128.0,0,1679.0,551.0
5260.0,2018,MUNICIPAL,18.666666666666668,956.0,0,1266.0,310.0
5260.0,2024,MUNICIPAL,88.0,962.0,0,1290.0,328.0
5261.0,2018,MUNICIPAL,36.666666666666664,1889.0,0,2848.0,959.0
5261.0,2024,MUNICIPAL,182.0,1922.0,0,2990.0,1068.0
5262.0,2018,MUNICIPAL,32.5,1195.0,0,1716.0,521.0
5262.0,2024,MUNICIPAL,114.0,1213.0,0,1746.0,533.0
5263.0,2018,MUNICIPAL,32.0,1671.0,0,2362.0,691.0
5263.0,2024,MUNICIPAL,122.0,1701.0,0,2390.0,689.0
5264.0,2018,MUNICIPAL,21.333333333333332,1396.0,0,1841.0,445.0
5264.0,2024,MUNICIPAL,142.0,1360.0,0,1830.0,470.0
5265.0,2018,MUNICIPAL,26.833333333333332,1356.0,0,1798.0,442.0
5265.0,2024,MUNICIPAL,114.0,1440.0,0,1827.0,387.0
5266.0,2018,MUNICIPAL,42.666666666666664,2407.0,0,3351.0,944.0
5266.0,2024,MUNICIPAL,229.0,2349.0,0,3948.0,1599.0
5267.0,2018,MUNICIPAL,51.333333333333336,2096.0,0,3016.0,920.0
5267.0,2024,MUNICIPAL,135.0,1620.0,0,3443.0,1823.0
5268.0,2018,MUNICIPAL,47.333333333333336,2013.0,0,2930.0,917.0
5268.0,2024,MUNICIPAL,138.0,1636.0,0,3482.0,1846.0
5269.0,2018,MUNICIPAL,57.166666666666664,3232.0,0,4688.0,1456.0
5269.0,2024,MUNICIPAL,288.0,3135.0,0,5480.0,2345.0
5270.0,2018,MUNICIPAL,54.166666666666664,2264.0,0,3306.0,1042.0
5270.0,2024,MUNICIPAL,215.0,2281.0,0,3866.0,1585.0
5271.0,2018,MUNICIPAL,145.5,5595.0,0,7955.0,2360.0
5272.0,2018,MUNICIPAL,56.0,2686.0,0,3378.0,692.0
5272.0,2024,MUNICIPAL,232.0,2718.0,0,3558.0,840.0
5273.0,2018,MUNICIPAL,24.833333333333332,1209.0,0,1734.0,525.0
5273.0,2024,MUNICIPAL,111.0,1405.0,0,2131.0,726.0
5274.0,2018,MUNICIPAL,21.666666666666668,1741.0,0,2323.0,582.0
5274.0,2024,MUNICIPAL,165.0,1665.0,0,2517.0,852.0
5275.0,2018,MUNICIPAL,25.166666666666668,1359.0,0,1789.0,430.0
5275.0,2024,MUNICIPAL,105.0,1385.0,0,1940.0,555.0
5276.0,2018,MUNICIPAL,27.833333333333332,1041.0,0,1489.0,448.0
5276.0,2024,MUNICIPAL,101.0,1076.0,0,1585.0,509.0
5277.0,2018,MUNICIPAL,39.5,1520.0,0,2087.0,567.0
5277.0,2024,MUNICIPAL,147.0,1554.0,0,2192.0,638.0
5278.0,2018,MUNICIPAL,66.83333333333333,2851.0,0,3971.0,1120.0
5278.0,2024,MUNICIPAL,306.0,3029.0,0,4607.0,1578.0
5279.0,2018,MUNICIPAL,15.5,934.0,0,1226.0,292.0
5279.0,2024,MUNICIPAL,95.0,946.0,0,1321.0,375.0
5280.0,2018,MUNICIPAL,101.83333333333333,4067.0,0,5980.0,1913.0
5280.0,2024,MUNICIPAL,598.0,4888.0,0,6933.0,2045.0
5281.0,2018,MUNICIPAL,44.5,2347.0,0,3277.0,930.0
5281.0,2024,MUNICIPAL,319.0,2708.0,0,3812.0,1104.0
5282.0,2018,MUNICIPAL,20.0,880.0,0,1173.0,293.0
5282.0,2024,MUNICIPAL,100.0,907.0,0,1247.0,340.0
5283.0,2018,MUNICIPAL,34.5,1737.0,0,2389.0,652.0
5283.0,2024,MUNICIPAL,185.0,1768.0,0,2638.0,870.0
5284.0,2018,MUNICIPAL,21.666666666666668,1363.0,0,1739.0,376.0
5284.0,2024,MUNICIPAL,120.0,1404.0,0,1848.0,444.0
5285.0,2018,MUNICIPAL,73.66666666666667,2376.0,0,3598.0,1222.0
5285.0,2024,MUNICIPAL,195.0,2186.0,0,3890.0,1704.0
5286.0,2018,MUNICIPAL,52.5,1895.0,0,2708.0,813.0
5286.0,2024,MUNICIPAL,171.0,1989.0,0,3015.0,1026.0
5287.0,2018,MUNICIPAL,34.833333333333336,1840.0,0,2352.0,512.0
5287.0,2024,MUNICIPAL,144.0,1825.0,0,2463.0,638.0
5288.0,2018,MUNICIPAL,18.666666666666668,1185.0,0,1504.0,319.0
5288.0,2024,MUNICIPAL,109.0,1116.0,0,1510.0,394.0
5289.0,2018,MUNICIPAL,26.5,1306.0,0,1770.0,464.0
5289.0,2024,MUNICIPAL,144.0,1386.0,0,1948.0,562.0
5290.0,2018,MUNICIPAL,30.833333333333332,1079.0,0,1409.0,330.0
5290.0,2024,MUNICIPAL,46.0,522.0,0,1500.0,978.0
5291.0,2018,MUNICIPAL,52.166666666666664,2147.0,0,3004.0,857.0
5291.0,2024,MUNICIPAL,226.0,2297.0,0,3240.0,943.0
5292.0,2018,MUNICIPAL,45.833333333333336,2416.0,0,3227.0,811.0
5292.0,2024,MUNICIPAL,232.0,2534.0,0,3580.0,1046.0
5293.0,2018,MUNICIPAL,32.333333333333336,1606.0,0,2204.0,598.0
5293.0,2024,MUNICIPAL,161.0,1648.0,0,2310.0,662.0
5294.0,2018,MUNICIPAL,31.333333333333332,1363.0,0,1861.0,498.0
5294.0,2024,MUNICIPAL,140.0,1476.0,0,2008.0,532.0
5295.0,2018,MUNICIPAL,71.5,3296.0,0,4903.0,1607.0
5295.0,2024,MUNICIPAL,335.0,3613.0,0,5631.0,2018.0
5296.0,2018,MUNICIPAL,87.66666666666667,4575.0,0,6384.0,1809.0
5296.0,2024,MUNICIPAL,461.0,4613.0,0,7242.0,2629.0
5297.0,2018,MUNICIPAL,55.333333333333336,2772.0,0,4114.0,1342.0
5297.0,2024,MUNICIPAL,260.0,3006.0,0,4773.0,1767.0
5298.0,2018,MUNICIPAL,91.83333333333333,3516.0,0,5408.0,1892.0
5299.0,2018,MUNICIPAL,20.0,947.0,0,1162.0,215.0
5299.0,2024,MUNICIPAL,71.0,924.0,0,1189.0,265.0
5300.0,2018,MUNICIPAL,24.166666666666668,1172.0,0,1626.0,454.0
5300.0,2024,MUNICIPAL,138.0,1317.0,0,1846.0,529.0
5301.0,2018,MUNICIPAL,23.666666666666668,1068.0,0,1470.0,402.0
5301.0,2024,MUNICIPAL,114.0,1149.0,0,1659.0,510.0
5302.0,2018,MUNICIPAL,29.5,1209.0,0,1414.0,205.0
5302.0,2024,MUNICIPAL,64.0,1166.0,0,1384.0,218.0
5303.0,2018,MUNICIPAL,100.83333333333333,5045.0,0,7258.0,2213.0
5303.0,2024,MUNICIPAL,535.0,5902.0,0,8723.0,2821.0
5304.0,2018,MUNICIPAL,36.666666666666664,2228.0,0,2863.0,635.0
5304.0,2024,MUNICIPAL,214.0,2250.0,0,3057.0,807.0
5305.0,2018,MUNICIPAL,48.833333333333336,3129.0,0,3918.0,789.0
5305.0,2024,MUNICIPAL,228.0,3129.0,0,3990.0,861.0
5306.0,2018,MUNICIPAL,32.666666666666664,1711.0,0,2298.0,587.0
5306.0,2024,MUNICIPAL,144.0,1747.0,0,2438.0,691.0
5307.0,2018,MUNICIPAL,19.0,850.0,0,1104.0,254.0
5307.0,2024,MUNICIPAL,75.0,802.0,0,1025.0,223.0
5308.0,2018,MUNICIPAL,11.166666666666666,792.0,0,1040.0,248.0
5308.0,2024,MUNICIPAL,47.0,726.0,0,936.0,210.0
5309.0,2018,MUNICIPAL,58.833333333333336,2739.0,0,3752.0,1013.0
5309.0,2024,MUNICIPAL,254.0,2678.0,0,4147.0,1469.0
5310.0,2018,MUNICIPAL,27.333333333333332,1470.0,0,2195.0,725.0
5310.0,2024,MUNICIPAL,164.0,1721.0,0,2349.0,628.0
5311.0,2018,MUNICIPAL,39.5,1595.0,0,2142.0,547.0
5311.0,2024,MUNICIPAL,160.0,1713.0,0,2317.0,604.0
5312.0,2018,MUNICIPAL,15.166666666666666,862.0,0,1086.0,224.0
5312.0,2024,MUNICIPAL,54.0,859.0,0,1077.0,218.0
5313.0,2018,MUNICIPAL,19.5,1104.0,0,1470.0,366.0
5313.0,2024,MUNICIPAL,77.0,1062.0,0,1468.0,406.0
5314.0,2018,MUNICIPAL,26.666666666666668,1198.0,0,1576.0,378.0
5314.0,2024,MUNICIPAL,113.0,1166.0,0,1574.0,408.0
5315.0,2018,MUNICIPAL,9.0,568.0,0,709.0,141.0
5315.0,2024,MUNICIPAL,32.0,542.0,0,675.0,133.0
5316.0,2018,MUNICIPAL,16.666666666666668,1593.0,0,2254.0,661.0
5316.0,2024,MUNICIPAL,192.0,1573.0,0,2428.0,855.0
5317.0,2018,MUNICIPAL,76.33333333333333,3256.0,0,4828.0,1572.0
5317.0,2024,MUNICIPAL,333.0,3509.0,0,5481.0,1972.0
5318.0,2018,MUNICIPAL,42.0,2726.0,0,4104.0,1378.0
5318.0,2024,MUNICIPAL,295.0,3034.0,0,4538.0,1504.0
5319.0,2018,MUNICIPAL,41.333333333333336,1637.0,0,2292.0,655.0
5319.0,2024,MUNICIPAL,153.0,1708.0,0,2541.0,833.0
5320.0,2018,MUNICIPAL,40.166666666666664,1793.0,0,2398.0,605.0
5320.0,2024,MUNICIPAL,145.0,1807.0,0,2490.0,683.0
5321.0,2018,MUNICIPAL,24.166666666666668,1123.0,0,1471.0,348.0
5321.0,2024,MUNICIPAL,86.0,1108.0,0,1492.0,384.0
5322.0,2018,MUNICIPAL,25.5,1274.0,0,1686.0,412.0
5322.0,2024,MUNICIPAL,125.0,1233.0,0,1724.0,491.0
5323.0,2018,MUNICIPAL,78.66666666666667,2988.0,0,4265.0,1277.0
5323.0,2024,MUNICIPAL,351.0,3151.0,0,4648.0,1497.0
5324.0,2018,MUNICIPAL,37.0,1617.0,0,2262.0,645.0
5324.0,2024,MUNICIPAL,148.0,1671.0,0,2411.0,740.0
5325.0,2018,MUNICIPAL,39.666666666666664,1406.0,0,1881.0,475.0
5325.0,2024,MUNICIPAL,146.0,1483.0,0,2052.0,569.0
5326.0,2018,MUNICIPAL,42.666666666666664,1837.0,0,2480.0,643.0
5326.0,2024,MUNICIPAL,181.0,1861.0,0,2666.0,805.0
5327.0,2018,MUNICIPAL,26.5,1151.0,0,1574.0,423.0
5327.0,2024,MUNICIPAL,118.0,1241.0,0,1728.0,487.0
5328.0,2018,MUNICIPAL,15.166666666666666,804.0,0,1022.0,218.0
5328.0,2024,MUNICIPAL,58.0,756.0,0,986.0,230.0
5329.0,2018,MUNICIPAL,30.833333333333332,1862.0,0,2474.0,612.0
5329.0,2024,MUNICIPAL,159.0,1784.0,0,2643.0,859.0
5330.0,2018,MUNICIPAL,55.333333333333336,3047.0,0,4337.0,1290.0
5330.0,2024,MUNICIPAL,293.0,3037.0,0,4815.0,1778.0
5331.0,2018,MUNICIPAL,24.833333333333332,999.0,0,1349.0,350.0
5331.0,2024,MUNICIPAL,105.0,981.0,0,1441.0,460.0
5332.0,2018,MUNICIPAL,11.166666666666666,922.0,0,1289.0,367.0
5332.0,2024,MUNICIPAL,72.0,966.0,0,1407.0,441.0
5333.0,2018,MUNICIPAL,20.0,1287.0,0,1677.0,390.0
5333.0,2024,MUNICIPAL,127.0,1267.0,0,1725.0,458.0
5334.0,2018,MUNICIPAL,54.166666666666664,2080.0,0,2780.0,700.0
5334.0,2024,MUNICIPAL,230.0,2277.0,0,3279.0,1002.0
5335.0,2018,MUNICIPAL,77.66666666666667,3719.0,0,5358.0,1639.0
5335.0,2024,MUNICIPAL,314.0,3669.0,0,6290.0,2621.0
5336.0,2018,MUNICIPAL,30.333333333333332,1906.0,0,2701.0,795.0
5336.0,2024,MUNICIPAL,215.0,1852.0,0,2800.0,948.0
5337.0,2018,MUNICIPAL,34.0,2107.0,0,3317.0,1210.0
5337.0,2024,MUNICIPAL,208.0,1702.0,0,3610.0,1908.0
5338.0,2018,MUNICIPAL,30.0,1357.0,0,1992.0,635.0
5338.0,2024,MUNICIPAL,134.0,1341.0,0,2151.0,810.0
5339.0,2018,MUNICIPAL,27.0,1645.0,0,2430.0,785.0
5339.0,2024,MUNICIPAL,139.0,1645.0,0,2591.0,946.0
5340.0,2018,MUNICIPAL,12.666666666666666,1088.0,0,1531.0,443.0
5340.0,2024,MUNICIPAL,126.0,1141.0,0,1582.0,441.0
5341.0,2018,MUNICIPAL,40.0,1444.0,0,1939.0,495.0
5341.0,2024,MUNICIPAL,111.0,1411.0,0,1997.0,586.0
5342.0,2018,MUNICIPAL,38.0,1553.0,0,2150.0,597.0
5342.0,2024,MUNICIPAL,121.0,1580.0,0,2204.0,624.0
5343.0,2018,MUNICIPAL,46.666666666666664,1975.0,0,2873.0,898.0
5343.0,2024,MUNICIPAL,197.0,1966.0,0,2946.0,980.0
5344.0,2018,MUNICIPAL,12.0,946.0,0,1371.0,425.0
5344.0,2024,MUNICIPAL,98.0,970.0,0,1414.0,444.0
5345.0,2018,MUNICIPAL,61.0,2966.0,0,4096.0,1130.0
5345.0,2024,MUNICIPAL,296.0,3253.0,0,4786.0,1533.0
5346.0,2018,MUNICIPAL,46.833333333333336,2258.0,0,2943.0,685.0
5347.0,2018,MUNICIPAL,47.0,1815.0,0,2376.0,561.0
5347.0,2024,MUNICIPAL,175.0,1861.0,0,2544.0,683.0
5348.0,2018,MUNICIPAL,47.0,2031.0,0,2779.0,748.0
5348.0,2024,MUNICIPAL,162.0,1985.0,0,2801.0,816.0
5349.0,2018,MUNICIPAL,94.83333333333333,4161.0,0,6230.0,2069.0
5349.0,2024,MUNICIPAL,422.0,4432.0,0,6905.0,2473.0
5350.0,2018,MUNICIPAL,113.33333333333333,4927.0,0,6977.0,2050.0
5350.0,2024,MUNICIPAL,534.0,5514.0,0,8741.0,3227.0
5351.0,2018,MUNICIPAL,49.333333333333336,2618.0,0,3449.0,831.0
5351.0,2024,MUNICIPAL,273.0,2677.0,0,3909.0,1232.0
5352.0,2018,MUNICIPAL,11.333333333333334,577.0,0,770.0,193.0
5352.0,2024,MUNICIPAL,21.0,302.0,0,799.0,497.0
5353.0,2018,MUNICIPAL,12.0,932.0,0,1188.0,256.0
5353.0,2024,MUNICIPAL,100.0,993.0,0,1315.0,322.0
5354.0,2018,MUNICIPAL,63.833333333333336,3020.0,0,4140.0,1120.0
5354.0,2024,MUNICIPAL,374.0,3334.0,0,4830.0,1496.0
5355.0,2018,MUNICIPAL,45.333333333333336,2260.0,0,4092.0,1832.0
5355.0,2024,MUNICIPAL,240.0,2247.0,0,4725.0,2478.0
5356.0,2018,MUNICIPAL,34.5,1980.0,0,2741.0,761.0
5356.0,2024,MUNICIPAL,109.0,1607.0,0,3097.0,1490.0
5357.0,2018,MUNICIPAL,16.166666666666664,945.0,0,1578.0,633.0
5357.0,2024,MUNICIPAL,62.0,1002.0,0,1809.0,807.0
5358.0,2018,MUNICIPAL,24.0,1366.0,0,1955.0,589.0
5358.0,2024,MUNICIPAL,57.0,1205.0,0,2301.0,1096.0
5359.0,2018,MUNICIPAL,50.833333333333336,2424.0,0,3446.0,1022.0
5359.0,2024,MUNICIPAL,306.0,2328.0,0,4143.0,1815.0
5360.0,2018,MUNICIPAL,27.333333333333332,1597.0,0,2210.0,613.0
5360.0,2024,MUNICIPAL,150.0,1669.0,0,2611.0,942.0
5361.0,2018,MUNICIPAL,33.5,1421.0,0,2125.0,704.0
5361.0,2024,MUNICIPAL,93.0,1357.0,0,2522.0,1165.0
5362.0,2018,MUNICIPAL,90.0,3771.0,0,5872.0,2101.0
5362.0,2024,MUNICIPAL,319.0,4121.0,0,7486.0,3365.0
5363.0,2018,MUNICIPAL,39.833333333333336,2163.0,0,2981.0,818.0
5363.0,2024,MUNICIPAL,306.0,3308.0,0,4803.0,1495.0
5364.0,2018,MUNICIPAL,40.333333333333336,2198.0,0,3192.0,994.0
5364.0,2024,MUNICIPAL,185.0,2339.0,0,3876.0,1537.0
5365.0,2018,MUNICIPAL,22.833333333333332,1539.0,0,2186.0,647.0
5365.0,2024,MUNICIPAL,140.0,1166.0,0,2682.0,1516.0
5367.0,2018,MUNICIPAL,27.5,1399.0,0,2000.0,601.0
5367.0,2024,MUNICIPAL,103.0,1049.0,0,2480.0,1431.0
5368.0,2018,MUNICIPAL,33.666666666666664,1988.0,0,2974.0,986.0
5368.0,2024,MUNICIPAL,115.0,1763.0,0,3500.0,1737.0
5369.0,2018,MUNICIPAL,50.166666666666664,1435.0,0,2015.0,580.0
5369.0,2024,MUNICIPAL,157.0,1511.0,0,2434.0,923.0
5370.0,2018,MUNICIPAL,40.333333333333336,1893.0,0,2709.0,816.0
5370.0,2024,MUNICIPAL,153.0,1728.0,0,3246.0,1518.0
5371.0,2018,MUNICIPAL,15.166666666666666,869.0,0,1219.0,350.0
5371.0,2024,MUNICIPAL,68.0,1050.0,0,1592.0,542.0
5372.0,2018,MUNICIPAL,62.0,2612.0,0,3832.0,1220.0
5372.0,2024,MUNICIPAL,299.0,3130.0,0,5005.0,1875.0
5373.0,2018,MUNICIPAL,38.333333333333336,2055.0,0,2847.0,792.0
5373.0,2024,MUNICIPAL,216.0,2361.0,0,3564.0,1203.0
5374.0,2018,MUNICIPAL,30.166666666666668,1696.0,0,2494.0,798.0
5374.0,2024,MUNICIPAL,136.0,1793.0,0,3027.0,1234.0
5375.0,2018,MUNICIPAL,30.333333333333332,1599.0,0,2381.0,782.0
5375.0,2024,MUNICIPAL,108.0,1688.0,0,2961.0,1273.0
5376.0,2018,MUNICIPAL,49.166666666666664,2799.0,0,3935.0,1136.0
5376.0,2024,MUNICIPAL,262.0,2786.0,0,4659.0,1873.0
5377.0,2018,MUNICIPAL,26.666666666666668,1107.0,0,1605.0,498.0
5377.0,2024,MUNICIPAL,106.0,1112.0,0,1933.0,821.0
5378.0,2018,MUNICIPAL,35.333333333333336,2242.0,0,3166.0,924.0
5378.0,2024,MUNICIPAL,226.0,2334.0,0,3723.0,1389.0
5379.0,2018,MUNICIPAL,39.166666666666664,1864.0,0,2591.0,727.0
5379.0,2024,MUNICIPAL,132.0,1410.0,0,2930.0,1520.0
5380.0,2018,MUNICIPAL,29.333333333333332,1513.0,0,1993.0,480.0
5380.0,2024,MUNICIPAL,144.0,1512.0,0,2223.0,711.0
5381.0,2018,MUNICIPAL,53.666666666666664,2564.0,0,3661.0,1097.0
5381.0,2024,MUNICIPAL,213.0,2571.0,0,4408.0,1837.0
5382.0,2018,MUNICIPAL,69.0,3150.0,0,4387.0,1237.0
5382.0,2024,MUNICIPAL,294.0,3277.0,0,5443.0,2166.0
5383.0,2018,MUNICIPAL,40.0,1575.0,0,2186.0,611.0
5383.0,2024,MUNICIPAL,164.0,1675.0,0,2678.0,1003.0
5384.0,2018,MUNICIPAL,49.0,2364.0,0,3320.0,956.0
5384.0,2024,MUNICIPAL,191.0,2354.0,0,3834.0,1480.0
5385.0,2018,MUNICIPAL,12.166666666666666,976.0,0,1241.0,265.0
5385.0,2024,MUNICIPAL,68.0,735.0,0,1428.0,693.0
5386.0,2018,MUNICIPAL,16.833333333333332,1444.0,0,2202.0,758.0
5386.0,2024,MUNICIPAL,96.0,1364.0,0,2498.0,1134.0
5387.0,2018,MUNICIPAL,18.166666666666664,1167.0,0,1643.0,476.0
5387.0,2024,MUNICIPAL,83.0,1122.0,0,1927.0,805.0
5388.0,2018,MUNICIPAL,48.833333333333336,2509.0,0,3668.0,1159.0
5389.0,2018,MUNICIPAL,44.166666666666664,2473.0,0,3784.0,1311.0
5389.0,2024,MUNICIPAL,175.0,2270.0,0,4345.0,2075.0
5390.0,2018,MUNICIPAL,50.333333333333336,3016.0,0,4388.0,1372.0
5390.0,2024,MUNICIPAL,286.0,3408.0,0,5336.0,1928.0
5391.0,2018,MUNICIPAL,21.833333333333332,1705.0,0,2507.0,802.0
5391.0,2024,MUNICIPAL,156.0,1817.0,0,3092.0,1275.0
5392.0,2018,MUNICIPAL,21.333333333333332,1865.0,0,2718.0,853.0
5392.0,2024,MUNICIPAL,156.0,2011.0,0,3346.0,1335.0
5393.0,2018,MUNICIPAL,27.5,1841.0,0,2683.0,842.0
5393.0,2024,MUNICIPAL,147.0,2115.0,0,3350.0,1235.0
5394.0,2018,MUNICIPAL,50.166666666666664,2732.0,0,3741.0,1009.0
5394.0,2024,MUNICIPAL,229.0,3004.0,0,4359.0,1355.0
5395.0,2018,MUNICIPAL,15.333333333333334,914.0,0,1258.0,344.0
5395.0,2024,MUNICIPAL,76.0,874.0,0,1476.0,602.0
5396.0,2018,MUNICIPAL,32.333333333333336,1401.0,0,1933.0,532.0
5396.0,2024,MUNICIPAL,123.0,1443.0,0,2283.0,840.0
5397.0,2018,MUNICIPAL,38.666666666666664,2315.0,0,3655.0,1340.0
5397.0,2024,MUNICIPAL,215.0,2449.0,0,4495.0,2046.0
5398.0,2018,MUNICIPAL,38.833333333333336,2250.0,0,2992.0,742.0
5398.0,2024,MUNICIPAL,207.0,2439.0,0,3463.0,1024.0
5399.0,2018,MUNICIPAL,43.333333333333336,2474.0,0,3286.0,812.0
5399.0,2024,MUNICIPAL,225.0,2695.0,0,3654.0,959.0
5400.0,2018,MUNICIPAL,28.5,1608.0,0,2121.0,513.0
5400.0,2024,MUNICIPAL,115.0,1607.0,0,2236.0,629.0
5401.0,2018,MUNICIPAL,31.333333333333332,2170.0,0,3197.0,1027.0
5401.0,2024,MUNICIPAL,189.0,2371.0,0,3672.0,1301.0
5402.0,2018,MUNICIPAL,28.0,1317.0,0,1875.0,558.0
5402.0,2024,MUNICIPAL,136.0,1393.0,0,2057.0,664.0
5403.0,2018,MUNICIPAL,39.5,2010.0,0,2737.0,727.0
5403.0,2024,MUNICIPAL,239.0,2344.0,0,3324.0,980.0
5404.0,2018,MUNICIPAL,55.666666666666664,2392.0,0,3598.0,1206.0
5404.0,2024,MUNICIPAL,165.0,2005.0,0,4391.0,2386.0
5405.0,2018,MUNICIPAL,40.5,2040.0,0,2876.0,836.0
5405.0,2024,MUNICIPAL,227.0,2186.0,0,3299.0,1113.0
5406.0,2018,MUNICIPAL,31.333333333333332,1883.0,0,2658.0,775.0
5406.0,2024,MUNICIPAL,172.0,2078.0,0,3180.0,1102.0
5407.0,2018,MUNICIPAL,29.0,1906.0,0,2708.0,802.0
5407.0,2024,MUNICIPAL,179.0,1995.0,0,3130.0,1135.0
5408.0,2018,MUNICIPAL,46.0,1776.0,0,2454.0,678.0
5408.0,2024,MUNICIPAL,199.0,1945.0,0,2877.0,932.0
5409.0,2018,MUNICIPAL,19.666666666666668,1340.0,0,2091.0,751.0
5409.0,2024,MUNICIPAL,121.0,1709.0,0,2543.0,834.0
5410.0,2018,MUNICIPAL,34.0,2748.0,0,4139.0,1391.0
5410.0,2024,MUNICIPAL,293.0,3128.0,0,5335.0,2207.0
5411.0,2018,MUNICIPAL,39.5,2039.0,0,2942.0,903.0
5411.0,2024,MUNICIPAL,132.0,1899.0,0,3205.0,1306.0
5412.0,2018,MUNICIPAL,25.166666666666668,2038.0,0,3241.0,1203.0
5412.0,2024,MUNICIPAL,199.0,2208.0,0,3849.0,1641.0
5413.0,2018,MUNICIPAL,14.166666666666666,724.0,0,1014.0,290.0
5413.0,2024,MUNICIPAL,50.0,703.0,0,1117.0,414.0
5414.0,2018,MUNICIPAL,77.5,3454.0,0,5098.0,1644.0
5414.0,2024,MUNICIPAL,565.0,3816.0,0,5848.0,2032.0
5415.0,2018,MUNICIPAL,39.666666666666664,2192.0,0,3188.0,996.0
5415.0,2024,MUNICIPAL,211.0,2386.0,0,3627.0,1241.0
5416.0,2018,MUNICIPAL,52.833333333333336,2992.0,0,4498.0,1506.0
5416.0,2024,MUNICIPAL,317.0,3333.0,0,5139.0,1806.0
5417.0,2018,MUNICIPAL,105.66666666666667,3978.0,0,5788.0,1810.0
5417.0,2024,MUNICIPAL,417.0,3905.0,0,6594.0,2689.0
5418.0,2018,MUNICIPAL,43.0,2076.0,0,3210.0,1134.0
5418.0,2024,MUNICIPAL,254.0,2370.0,0,3610.0,1240.0
5419.0,2018,MUNICIPAL,14.833333333333332,1420.0,0,1984.0,564.0
5419.0,2024,MUNICIPAL,184.0,1544.0,0,2285.0,741.0
5420.0,2018,MUNICIPAL,17.666666666666668,1109.0,0,1650.0,541.0
5420.0,2024,MUNICIPAL,132.0,1357.0,0,1849.0,492.0
5421.0,2018,MUNICIPAL,17.666666666666668,1306.0,0,1741.0,435.0
5421.0,2024,MUNICIPAL,123.0,880.0,0,2025.0,1145.0
5422.0,2018,MUNICIPAL,32.16666666666667,1720.0,0,2309.0,589.0
5422.0,2024,MUNICIPAL,179.0,1746.0,0,2414.0,668.0
5423.0,2018,MUNICIPAL,27.666666666666668,1881.0,0,2805.0,924.0
5423.0,2024,MUNICIPAL,183.0,1942.0,0,3284.0,1342.0
5424.0,2018,MUNICIPAL,26.166666666666668,1176.0,0,1717.0,541.0
5424.0,2024,MUNICIPAL,113.0,1212.0,0,1999.0,787.0
5425.0,2018,MUNICIPAL,49.666666666666664,2709.0,0,3653.0,944.0
5425.0,2024,MUNICIPAL,211.0,3198.0,0,4450.0,1252.0
5426.0,2018,MUNICIPAL,21.166666666666668,860.0,0,1341.0,481.0
5426.0,2024,MUNICIPAL,76.0,917.0,0,1796.0,879.0
5427.0,2018,MUNICIPAL,4.833333333333333,359.0,0,538.0,179.0
5427.0,2024,MUNICIPAL,31.0,421.0,0,748.0,327.0
5428.0,2018,MUNICIPAL,39.333333333333336,1646.0,0,2503.0,857.0
5428.0,2024,MUNICIPAL,157.0,1731.0,0,2957.0,1226.0
5429.0,2018,MUNICIPAL,30.333333333333332,1131.0,0,1581.0,450.0
5429.0,2024,MUNICIPAL,99.0,1159.0,0,1790.0,631.0
5430.0,2018,MUNICIPAL,31.5,1545.0,0,2214.0,669.0
5430.0,2024,MUNICIPAL,141.0,1560.0,0,2398.0,838.0
5431.0,2018,MUNICIPAL,51.666666666666664,2190.0,0,3284.0,1094.0
5431.0,2024,MUNICIPAL,196.0,2075.0,0,4051.0,1976.0
5432.0,2018,MUNICIPAL,29.666666666666668,1133.0,0,1640.0,507.0
5432.0,2024,MUNICIPAL,121.0,1094.0,0,1776.0,682.0
5433.0,2018,MUNICIPAL,49.333333333333336,2354.0,0,3615.0,1261.0
5433.0,2024,MUNICIPAL,215.0,2440.0,0,4168.0,1728.0
5434.0,2018,MUNICIPAL,47.333333333333336,2371.0,0,3282.0,911.0
5434.0,2024,MUNICIPAL,226.0,2552.0,0,3712.0,1160.0
5435.0,2018,MUNICIPAL,28.666666666666668,1478.0,0,1947.0,469.0
5435.0,2024,MUNICIPAL,138.0,1585.0,0,2157.0,572.0
5436.0,2018,MUNICIPAL,36.333333333333336,2115.0,0,2963.0,848.0
5436.0,2024,MUNICIPAL,236.0,2427.0,0,3561.0,1134.0
5437.0,2018,MUNICIPAL,53.333333333333336,2722.0,0,3908.0,1186.0
5437.0,2024,MUNICIPAL,344.0,2980.0,0,4526.0,1546.0
5438.0,2018,MUNICIPAL,43.0,2436.0,0,3594.0,1158.0
5438.0,2024,MUNICIPAL,225.0,2506.0,0,4379.0,1873.0
5439.0,2018,MUNICIPAL,58.666666666666664,2329.0,0,3518.0,1189.0
5439.0,2024,MUNICIPAL,262.0,2784.0,0,4408.0,1624.0
5440.0,2018,MUNICIPAL,87.66666666666667,4808.0,0,7509.0,2701.0
5441.0,2018,MUNICIPAL,12.5,1233.0,0,1857.0,624.0
5441.0,2024,MUNICIPAL,87.0,1293.0,0,2202.0,909.0
5442.0,2018,MUNICIPAL,24.666666666666668,1306.0,0,2211.0,905.0
5442.0,2024,MUNICIPAL,111.0,1380.0,0,2650.0,1270.0
6433.0,2018,MUNICIPAL,5.333333333333333,279.0,0,454.0,175.0
6433.0,2024,MUNICIPAL,23.0,306.0,0,530.0,224.0
6434.0,2018,MUNICIPAL,7.166666666666667,595.0,0,784.0,189.0
6434.0,2024,MUNICIPAL,85.0,599.0,0,919.0,320.0
6435.0,2018,MUNICIPAL,8.333333333333334,567.0,0,760.0,193.0
6435.0,2024,MUNICIPAL,85.0,650.0,0,884.0,234.0
6436.0,2018,MUNICIPAL,7.833333333333333,500.0,0,686.0,186.0
6436.0,2024,MUNICIPAL,49.0,498.0,0,811.0,313.0
6437.0,2018,MUNICIPAL,8.0,577.0,0,751.0,174.0
6437.0,2024,MUNICIPAL,60.0,647.0,0,878.0,231.0
6438.0,2018,MUNICIPAL,6.333333333333333,426.0,0,596.0,170.0
6438.0,2024,MUNICIPAL,46.0,520.0,0,829.0,309.0
6439.0,2018,MUNICIPAL,18.0,1055.0,0,1485.0,430.0
6439.0,2024,MUNICIPAL,161.0,1451.0,0,2044.0,593.0
6440.0,2018,MUNICIPAL,7.333333333333333,325.0,0,430.0,105.0
6440.0,2024,MUNICIPAL,42.0,386.0,0,581.0,195.0
6441.0,2018,MUNICIPAL,12.333333333333334,615.0,0,810.0,195.0
6441.0,2024,MUNICIPAL,98.0,719.0,0,965.0,246.0
6442.0,2018,MUNICIPAL,14.333333333333334,792.0,0,1020.0,228.0
6442.0,2024,MUNICIPAL,138.0,1772.0,0,2412.0,640.0
6443.0,2018,MUNICIPAL,7.0,408.0,0,560.0,152.0
6443.0,2024,MUNICIPAL,29.0,373.0,0,654.0,281.0
6444.0,2018,MUNICIPAL,5.0,422.0,0,582.0,160.0
6444.0,2024,MUNICIPAL,43.0,479.0,0,669.0,190.0
6445.0,2018,MUNICIPAL,7.666666666666667,461.0,0,600.0,139.0
6445.0,2024,MUNICIPAL,60.0,532.0,0,711.0,179.0
6446.0,2018,MUNICIPAL,6.333333333333333,418.0,0,569.0,151.0
6446.0,2024,MUNICIPAL,68.0,524.0,0,729.0,205.0
6447.0,2018,MUNICIPAL,9.166666666666666,324.0,0,448.0,124.0
6447.0,2024,MUNICIPAL,38.0,346.0,0,573.0,227.0
6448.0,2018,MUNICIPAL,16.333333333333336,580.0,0,760.0,180.0
6448.0,2024,MUNICIPAL,77.0,809.0,0,1044.0,235.0
6449.0,2018,MUNICIPAL,5.833333333333333,377.0,0,494.0,117.0
6449.0,2024,MUNICIPAL,36.0,482.0,0,621.0,139.0
6450.0,2018,MUNICIPAL,13.333333333333334,653.0,0,844.0,191.0
6450.0,2024,MUNICIPAL,87.0,728.0,0,987.0,259.0
6451.0,2018,MUNICIPAL,8.166666666666668,346.0,0,460.0,114.0
6451.0,2024,MUNICIPAL,41.0,416.0,0,552.0,136.0
6452.0,2018,MUNICIPAL,5.333333333333333,462.0,0,591.0,129.0
6452.0,2024,MUNICIPAL,51.0,507.0,0,661.0,154.0
6453.0,2018,MUNICIPAL,11.0,367.0,0,528.0,161.0
6453.0,2024,MUNICIPAL,40.0,451.0,0,672.0,221.0
6454.0,2018,MUNICIPAL,10.0,376.0,0,517.0,141.0
6454.0,2024,MUNICIPAL,43.0,415.0,0,577.0,162.0
6455.0,2018,MUNICIPAL,12.333333333333334,630.0,0,872.0,242.0
6455.0,2024,MUNICIPAL,93.0,740.0,0,982.0,242.0
6456.0,2018,MUNICIPAL,16.0,695.0,0,891.0,196.0
6456.0,2024,MUNICIPAL,88.0,728.0,0,963.0,235.0
6457.0,2018,MUNICIPAL,11.333333333333334,384.0,0,512.0,128.0
6457.0,2024,MUNICIPAL,35.0,400.0,0,557.0,157.0
6458.0,2018,MUNICIPAL,10.833333333333334,429.0,0,552.0,123.0
6458.0,2024,MUNICIPAL,52.0,464.0,0,604.0,140.0
6459.0,2018,MUNICIPAL,12.666666666666666,580.0,0,796.0,216.0
6459.0,2024,MUNICIPAL,71.0,674.0,0,937.0,263.0
6460.0,2018,MUNICIPAL,15.0,614.0,0,895.0,281.0
6460.0,2024,MUNICIPAL,75.0,699.0,0,996.0,297.0
6461.0,2018,MUNICIPAL,7.833333333333333,469.0,0,630.0,161.0
6461.0,2024,MUNICIPAL,46.0,508.0,0,681.0,173.0
6462.0,2018,MUNICIPAL,5.333333333333333,531.0,0,714.0,183.0
6462.0,2024,MUNICIPAL,55.0,612.0,0,807.0,195.0
6516.0,2018,MUNICIPAL,15.5,576.0,0,935.0,359.0
6516.0,2024,MUNICIPAL,87.0,892.0,0,1494.0,602.0
6671.0,2024,MUNICIPAL,96.0,1557.0,0,2918.0,1361.0
6672.0,2024,MUNICIPAL,107.0,1107.0,0,1596.0,489.0
6675.0,2024,MUNICIPAL,68.0,1033.0,0,1357.0,324.0
6676.0,2024,MUNICIPAL,102.0,1478.0,0,1857.0,379.0
6785.0,2024,MUNICIPAL,163.0,1308.0,0,2042.0,734.0
6786.0,2024,MUNICIPAL,171.0,1759.0,0,2837.0,1078.0
6787.0,2024,MUNICIPAL,143.0,1509.0,0,2702.0,1193.0
6788.0,2024,MUNICIPAL,125.0,1328.0,0,1974.0,646.0
6821.0,2024,MUNICIPAL,124.0,1127.0,0,1900.0,773.0
6822.0,2024,MUNICIPAL,87.0,783.0,0,2007.0,1224.0
6823.0,2024,MUNICIPAL,169.0,1719.0,0,2882.0,1163.0
6824.0,2024,MUNICIPAL,146.0,1262.0,0,2103.0,841.0
6909.0,2024,MUNICIPAL,192.0,1823.0,0,3016.0,1193.0
6910.0,2024,MUNICIPAL,0.0,0.0,0,503.0,503.0
6911.0,2024,MUNICIPAL,184.0,1784.0,0,2707.0,923.0
% DEL VOTO,2021,MUNICIPAL,0.0,0.0,0,0.0,0.0
% LISTA NOMINAL,2021,MUNICIPAL,0.0,0.0,0,0.0,0.0
5169,2021,MUNICIPAL,40.0,1126.0,0,2244.0,1118.0
5170,2021,MUNICIPAL,44.0,1384.0,0,2352.0,968.0
5171,2021,MUNICIPAL,18.0,913.0,0,1448.0,535.0
5172,2021,MUNICIPAL,13.0,544.0,0,943.0,399.0
5173,2021,MUNICIPAL,30.0,823.0,0,1518.0,695.0
5174,2021,MUNICIPAL,20.0,1414.0,0,1791.0,377.0
5175,2021,MUNICIPAL,23.0,1007.0,0,1649.0,642.0
5176,2021,MUNICIPAL,23.0,1265.0,0,1889.0,624.0
5177,2021,MUNICIPAL,41.0,1465.0,0,2349.0,884.0
5178,2021,MUNICIPAL,29.0,1496.0,0,2346.0,850.0
5179,2021,MUNICIPAL,29.0,1293.0,0,2020.0,727.0
5180,2021,MUNICIPAL,31.0,920.0,0,1382.0,462.0
5181,2021,MUNICIPAL,19.0,685.0,0,1066.0,381.0
5182,2021,MUNICIPAL,14.0,274.0,0,456.0,182.0
5183,2021,MUNICIPAL,34.0,651.0,0,1010.0,359.0
5184,2021,MUNICIPAL,21.0,687.0,0,1112.0,425.0
5185,2021,MUNICIPAL,31.0,1186.0,0,2132.0,946.0
5186,2021,MUNICIPAL,35.0,1137.0,0,1893.0,756.0
5187,2021,MUNICIPAL,17.0,837.0,0,1478.0,641.0
5188,2021,MUNICIPAL,37.0,1836.0,0,3027.0,1191.0
5189,2021,MUNICIPAL,32.0,1014.0,0,1610.0,596.0
5190,2021,MUNICIPAL,21.0,1072.0,0,2632.0,1560.0
5191,2021,MUNICIPAL,17.0,1235.0,0,1835.0,600.0
5192,2021,MUNICIPAL,24.0,902.0,0,1361.0,459.0
5193,2021,MUNICIPAL,23.0,817.0,0,1275.0,458.0
5194,2021,MUNICIPAL,6.0,273.0,0,408.0,135.0
5195,2021,MUNICIPAL,2.0,124.0,0,193.0,69.0
5196,2021,MUNICIPAL,7.0,203.0,0,366.0,163.0
5197,2021,MUNICIPAL,7.0,245.0,0,409.0,164.0
5198,2021,MUNICIPAL,20.0,808.0,0,1336.0,528.0
5199,2021,MUNICIPAL,12.0,404.0,0,651.0,247.0
5200,2021,MUNICIPAL,18.0,610.0,0,909.0,299.0
5201,2021,MUNICIPAL,19.0,1010.0,0,1509.0,499.0
5202,2021,MUNICIPAL,17.0,1050.0,0,1507.0,457.0
5203,2021,MUNICIPAL,51.0,1599.0,0,2824.0,1225.0
5204,2021,MUNICIPAL,1.0,128.0,0,163.0,35.0
5205,2021,MUNICIPAL,9.0,511.0,0,665.0,154.0
5206,2021,MUNICIPAL,14.0,534.0,0,794.0,260.0
5207,2021,MUNICIPAL,9.0,471.0,0,699.0,228.0
5208,2021,MUNICIPAL,5.0,178.0,0,266.0,88.0
5209,2021,MUNICIPAL,5.0,199.0,0,325.0,126.0
5210,2021,MUNICIPAL,3.0,305.0,0,461.0,156.0
5211,2021,MUNICIPAL,2.0,338.0,0,526.0,188.0
5212,2021,MUNICIPAL,4.0,215.0,0,307.0,92.0
5213,2021,MUNICIPAL,11.0,612.0,0,919.0,307.0
5214,2021,MUNICIPAL,12.0,879.0,0,1294.0,415.0
5215,2021,MUNICIPAL,10.0,551.0,0,789.0,238.0
5216,2021,MUNICIPAL,11.0,591.0,0,760.0,169.0
5217,2021,MUNICIPAL,23.0,724.0,0,1073.0,349.0
5218,2021,MUNICIPAL,23.0,923.0,0,1232.0,309.0
5219,2021,MUNICIPAL,14.0,1051.0,0,1450.0,399.0
5220,2021,MUNICIPAL,16.0,723.0,0,1058.0,335.0
5221,2021,MUNICIPAL,9.0,552.0,0,791.0,239.0
5222,2021,MUNICIPAL,5.0,324.0,0,899.0,575.0
5223,2021,MUNICIPAL,14.0,671.0,0,1077.0,406.0
5224,2021,MUNICIPAL,15.0,620.0,0,923.0,303.0
5225,2021,MUNICIPAL,13.0,640.0,0,874.0,234.0
5226,2021,MUNICIPAL,11.0,675.0,0,1029.0,354.0
5227,2021,MUNICIPAL,29.0,853.0,0,1247.0,394.0
5228,2021,MUNICIPAL,11.0,696.0,0,1021.0,325.0
5229,2021,MUNICIPAL,16.0,687.0,0,1020.0,333.0
5230,2021,MUNICIPAL,10.0,551.0,0,763.0,212.0
5231,2021,MUNICIPAL,26.0,926.0,0,1374.0,448.0
5232,2021,MUNICIPAL,14.0,1012.0,0,1629.0,617.0
5233,2021,MUNICIPAL,3.0,657.0,0,859.0,202.0
5234,2021,MUNICIPAL,14.0,681.0,0,923.0,242.0
5235,2021,MUNICIPAL,25.0,748.0,0,1075.0,327.0
5236,2021,MUNICIPAL,14.0,1154.0,0,1531.0,377.0
5237,2021,MUNICIPAL,23.0,1014.0,0,1576.0,562.0
5238,2021,MUNICIPAL,7.0,718.0,0,934.0,216.0
5239,2021,MUNICIPAL,17.0,649.0,0,921.0,272.0
5240,2021,MUNICIPAL,20.0,1000.0,0,1434.0,434.0
5241,2021,MUNICIPAL,12.0,896.0,0,1209.0,313.0
5242,2021,MUNICIPAL,28.0,948.0,0,1495.0,547.0
5243,2021,MUNICIPAL,18.0,717.0,0,1113.0,396.0
5244,2021,MUNICIPAL,22.0,845.0,0,1415.0,570.0
5245,2021,MUNICIPAL,17.0,957.0,0,1547.0,590.0
5246,2021,MUNICIPAL,11.0,529.0,0,994.0,465.0
5247,2021,MUNICIPAL,8.0,443.0,0,846.0,403.0
5248,2021,MUNICIPAL,37.0,1365.0,0,2023.0,658.0
5249,2021,MUNICIPAL,20.0,782.0,0,1178.0,396.0
5250,2021,MUNICIPAL,24.0,725.0,0,1266.0,541.0
5251,2021,MUNICIPAL,19.0,851.0,0,1590.0,739.0
5252,2021,MUNICIPAL,15.0,882.0,0,1531.0,649.0
5253,2021,MUNICIPAL,12.0,599.0,0,1124.0,525.0
5254,2021,MUNICIPAL,17.0,810.0,0,1339.0,529.0
5255,2021,MUNICIPAL,28.0,1103.0,0,1843.0,740.0
5256,2021,MUNICIPAL,21.0,882.0,0,1731.0,849.0
5257,2021,MUNICIPAL,17.0,890.0,0,1662.0,772.0
5258,2021,MUNICIPAL,28.0,997.0,0,1782.0,785.0
5259,2021,MUNICIPAL,37.0,884.0,0,1660.0,776.0
5260,2021,MUNICIPAL,15.0,752.0,0,1270.0,518.0
5261,2021,MUNICIPAL,44.0,1498.0,0,2884.0,1386.0
5262,2021,MUNICIPAL,21.0,905.0,0,1732.0,827.0
5263,2021,MUNICIPAL,28.0,1289.0,0,2364.0,1075.0
5264,2021,MUNICIPAL,22.0,1118.0,0,1829.0,711.0
5265,2021,MUNICIPAL,30.0,1139.0,0,1800.0,661.0
5266,2021,MUNICIPAL,34.0,1649.0,0,3569.0,1920.0
5267,2021,MUNICIPAL,12.0,831.0,0,3183.0,2352.0
5268,2021,MUNICIPAL,30.0,1423.0,0,3154.0,1731.0
5269,2021,MUNICIPAL,47.0,2219.0,0,4991.0,2772.0
5270,2021,MUNICIPAL,63.0,1558.0,0,3552.0,1994.0
5271,2021,MUNICIPAL,126.0,4193.0,0,8642.0,4449.0
5272,2021,MUNICIPAL,71.0,2251.0,0,3435.0,1184.0
5273,2021,MUNICIPAL,19.0,1051.0,0,1899.0,848.0
5274,2021,MUNICIPAL,47.0,1359.0,0,2377.0,1018.0
5275,2021,MUNICIPAL,25.0,1090.0,0,1852.0,762.0
5276,2021,MUNICIPAL,22.0,802.0,0,1497.0,695.0
5277,2021,MUNICIPAL,47.0,1174.0,0,2137.0,963.0
5278,2021,MUNICIPAL,62.0,2233.0,0,4235.0,2002.0
5279,2021,MUNICIPAL,30.0,808.0,0,1273.0,465.0
5280,2021,MUNICIPAL,107.0,3403.0,0,6419.0,3016.0
5281,2021,MUNICIPAL,58.0,1958.0,0,3555.0,1597.0
5282,2021,MUNICIPAL,22.0,694.0,0,1192.0,498.0
5283,2021,MUNICIPAL,42.0,1454.0,0,2518.0,1064.0
5284,2021,MUNICIPAL,27.0,1147.0,0,1796.0,649.0
5285,2021,MUNICIPAL,54.0,1850.0,0,3663.0,1813.0
5286,2021,MUNICIPAL,27.0,1567.0,0,2861.0,1294.0
5287,2021,MUNICIPAL,32.0,1590.0,0,2405.0,815.0
5288,2021,MUNICIPAL,22.0,953.0,0,1502.0,549.0
5289,2021,MUNICIPAL,29.0,1095.0,0,1834.0,739.0
5290,2021,MUNICIPAL,23.0,835.0,0,1446.0,611.0
5291,2021,MUNICIPAL,44.0,1719.0,0,3085.0,1366.0
5292,2021,MUNICIPAL,44.0,1915.0,0,3359.0,1444.0
5293,2021,MUNICIPAL,47.0,1293.0,0,2280.0,987.0
5294,2021,MUNICIPAL,33.0,1189.0,0,1951.0,762.0
5295,2021,MUNICIPAL,46.0,2231.0,0,5242.0,3011.0
5296,2021,MUNICIPAL,94.0,3361.0,0,6881.0,3520.0
5297,2021,MUNICIPAL,59.0,2124.0,0,4452.0,2328.0
5298,2021,MUNICIPAL,68.0,2772.0,0,5729.0,2957.0
5299,2021,MUNICIPAL,17.0,782.0,0,1178.0,396.0
5300,2021,MUNICIPAL,28.0,1001.0,0,1753.0,752.0
5301,2021,MUNICIPAL,30.0,866.0,0,1526.0,660.0
5302,2021,MUNICIPAL,22.0,1103.0,0,1438.0,335.0
5303,2021,MUNICIPAL,117.0,4074.0,0,7941.0,3867.0
5304,2021,MUNICIPAL,43.0,1869.0,0,2918.0,1049.0
5305,2021,MUNICIPAL,44.0,2557.0,0,3933.0,1376.0
5306,2021,MUNICIPAL,44.0,1452.0,0,2372.0,920.0
5307,2021,MUNICIPAL,24.0,667.0,0,1054.0,387.0
5308,2021,MUNICIPAL,18.0,1006.0,0,1005.0,0.0
5309,2021,MUNICIPAL,56.0,2186.0,0,3911.0,1725.0
5310,2021,MUNICIPAL,30.0,1367.0,0,2260.0,893.0
5311,2021,MUNICIPAL,22.0,921.0,0,2229.0,1308.0
5312,2021,MUNICIPAL,22.0,741.0,0,1087.0,346.0
5313,2021,MUNICIPAL,30.0,937.0,0,1478.0,541.0
5314,2021,MUNICIPAL,26.0,979.0,0,1563.0,584.0
5315,2021,MUNICIPAL,8.0,490.0,0,681.0,191.0
5316,2021,MUNICIPAL,38.0,1385.0,0,2392.0,1007.0
5317,2021,MUNICIPAL,67.0,2613.0,0,5122.0,2509.0
5318,2021,MUNICIPAL,65.0,2244.0,0,4334.0,2090.0
5319,2021,MUNICIPAL,46.0,1294.0,0,2399.0,1105.0
5320,2021,MUNICIPAL,39.0,1424.0,0,2398.0,974.0
5321,2021,MUNICIPAL,22.0,934.0,0,1483.0,549.0
5322,2021,MUNICIPAL,35.0,1043.0,0,1682.0,639.0
5323,2021,MUNICIPAL,68.0,2293.0,0,4383.0,2090.0
5324,2021,MUNICIPAL,26.0,1288.0,0,2310.0,1022.0
5325,2021,MUNICIPAL,25.0,1133.0,0,1956.0,823.0
5326,2021,MUNICIPAL,40.0,1517.0,0,2584.0,1067.0
5327,2021,MUNICIPAL,31.0,968.0,0,1647.0,679.0
5328,2021,MUNICIPAL,12.0,683.0,0,1007.0,324.0
5329,2021,MUNICIPAL,45.0,1488.0,0,2557.0,1069.0
5330,2021,MUNICIPAL,66.0,2116.0,0,4572.0,2456.0
5331,2021,MUNICIPAL,24.0,829.0,0,1389.0,560.0
5332,2021,MUNICIPAL,16.0,777.0,0,1368.0,591.0
5333,2021,MUNICIPAL,22.0,1004.0,0,1692.0,688.0
5334,2021,MUNICIPAL,47.0,1706.0,0,3034.0,1328.0
5335,2021,MUNICIPAL,81.0,2988.0,0,5804.0,2816.0
5336,2021,MUNICIPAL,36.0,1505.0,0,2732.0,1227.0
5337,2021,MUNICIPAL,39.0,1586.0,0,3446.0,1860.0
5338,2021,MUNICIPAL,27.0,993.0,0,2070.0,1077.0
5339,2021,MUNICIPAL,25.0,1291.0,0,2501.0,1210.0
5340,2021,MUNICIPAL,19.0,959.0,0,1576.0,617.0
5341,2021,MUNICIPAL,49.0,1206.0,0,1978.0,772.0
5342,2021,MUNICIPAL,33.0,1217.0,0,2176.0,959.0
5343,2021,MUNICIPAL,66.0,1571.0,0,2902.0,1331.0
5344,2021,MUNICIPAL,21.0,733.0,0,1406.0,673.0
5345,2021,MUNICIPAL,60.0,2347.0,0,4386.0,2039.0
5346,2021,MUNICIPAL,49.0,2050.0,0,3054.0,1004.0
5347,2021,MUNICIPAL,28.0,1471.0,0,2450.0,979.0
5348,2021,MUNICIPAL,32.0,1658.0,0,2806.0,1148.0
5349,2021,MUNICIPAL,54.0,3223.0,0,6517.0,3294.0
5350,2021,MUNICIPAL,75.0,3744.0,0,7642.0,3898.0
5351,2021,MUNICIPAL,41.0,2018.0,0,3609.0,1591.0
5352,2021,MUNICIPAL,16.0,489.0,0,770.0,281.0
5353,2021,MUNICIPAL,21.0,790.0,0,1238.0,448.0
5354,2021,MUNICIPAL,69.0,2423.0,0,4466.0,2043.0
5355,2021,MUNICIPAL,44.0,1851.0,0,4362.0,2511.0
5356,2021,MUNICIPAL,22.0,1556.0,0,2900.0,1344.0
5357,2021,MUNICIPAL,9.0,709.0,0,1686.0,977.0
5358,2021,MUNICIPAL,12.0,1073.0,0,2084.0,1011.0
5359,2021,MUNICIPAL,33.0,1950.0,0,3792.0,1842.0
5360,2021,MUNICIPAL,26.0,1177.0,0,2365.0,1188.0
5361,2021,MUNICIPAL,11.0,992.0,0,2316.0,1324.0
5362,2021,MUNICIPAL,55.0,2694.0,0,6629.0,3935.0
5363,2021,MUNICIPAL,42.0,2034.0,0,3839.0,1805.0
5364,2021,MUNICIPAL,30.0,1360.0,0,3437.0,2077.0
5365,2021,MUNICIPAL,22.0,1299.0,0,2431.0,1132.0
5367,2021,MUNICIPAL,18.0,963.0,0,2196.0,1233.0
5368,2021,MUNICIPAL,24.0,1274.0,0,3187.0,1913.0
5369,2021,MUNICIPAL,10.0,773.0,0,2211.0,1438.0
5370,2021,MUNICIPAL,18.0,1270.0,0,2954.0,1684.0
5371,2021,MUNICIPAL,20.0,759.0,0,1374.0,615.0
5372,2021,MUNICIPAL,48.0,2105.0,0,4330.0,2225.0
5373,2021,MUNICIPAL,52.0,1702.0,0,3152.0,1450.0
5374,2021,MUNICIPAL,22.0,1312.0,0,2736.0,1424.0
5375,2021,MUNICIPAL,18.0,1259.0,0,2606.0,1347.0
5376,2021,MUNICIPAL,32.0,2073.0,0,4264.0,2191.0
5377,2021,MUNICIPAL,21.0,834.0,0,1761.0,927.0
5378,2021,MUNICIPAL,53.0,1712.0,0,3432.0,1720.0
5379,2021,MUNICIPAL,23.0,1449.0,0,2750.0,1301.0
5380,2021,MUNICIPAL,18.0,1153.0,0,2094.0,941.0
5381,2021,MUNICIPAL,25.0,1629.0,0,4004.0,2375.0
5382,2021,MUNICIPAL,36.0,2314.0,0,4855.0,2541.0
5383,2021,MUNICIPAL,25.0,1179.0,0,2399.0,1220.0
5384,2021,MUNICIPAL,37.0,1810.0,0,3544.0,1734.0
5385,2021,MUNICIPAL,9.0,502.0,0,1338.0,836.0
5386,2021,MUNICIPAL,13.0,991.0,0,2365.0,1374.0
5387,2021,MUNICIPAL,22.0,839.0,0,1792.0,953.0
5388,2021,MUNICIPAL,39.0,1944.0,0,4048.0,2104.0
5389,2021,MUNICIPAL,42.0,1733.0,0,3985.0,2252.0
5390,2021,MUNICIPAL,50.0,2540.0,0,4808.0,2268.0
5391,2021,MUNICIPAL,28.0,1472.0,0,2764.0,1292.0
5392,2021,MUNICIPAL,35.0,1488.0,0,2981.0,1493.0
5393,2021,MUNICIPAL,19.0,1406.0,0,2899.0,1493.0
5394,2021,MUNICIPAL,47.0,2338.0,0,4036.0,1698.0
5395,2021,MUNICIPAL,15.0,628.0,0,1353.0,725.0
5396,2021,MUNICIPAL,16.0,1048.0,0,2089.0,1041.0
5397,2021,MUNICIPAL,34.0,1566.0,0,3999.0,2433.0
5398,2021,MUNICIPAL,30.0,1764.0,0,3193.0,1429.0
5399,2021,MUNICIPAL,40.0,2044.0,0,3451.0,1407.0
5400,2021,MUNICIPAL,22.0,1216.0,0,2152.0,936.0
5401,2021,MUNICIPAL,35.0,1972.0,0,3405.0,1433.0
5402,2021,MUNICIPAL,22.0,1052.0,0,1974.0,922.0
5403,2021,MUNICIPAL,48.0,1737.0,0,3006.0,1269.0
5404,2021,MUNICIPAL,46.0,1741.0,0,3944.0,2203.0
5405,2021,MUNICIPAL,27.0,1504.0,0,3072.0,1568.0
5406,2021,MUNICIPAL,34.0,1382.0,0,2899.0,1517.0
5407,2021,MUNICIPAL,41.0,1340.0,0,2906.0,1566.0
5408,2021,MUNICIPAL,27.0,1295.0,0,2610.0,1315.0
5409,2021,MUNICIPAL,20.0,1000.0,0,2267.0,1267.0
5410,2021,MUNICIPAL,37.0,2043.0,0,4643.0,2600.0
5411,2021,MUNICIPAL,17.0,1365.0,0,3003.0,1638.0
5412,2021,MUNICIPAL,26.0,1720.0,0,3516.0,1796.0
5413,2021,MUNICIPAL,20.0,501.0,0,1069.0,568.0
5414,2021,MUNICIPAL,60.0,2346.0,0,5413.0,3067.0
5415,2021,MUNICIPAL,34.0,1717.0,0,3390.0,1673.0
5416,2021,MUNICIPAL,64.0,2433.0,0,4812.0,2379.0
5417,2021,MUNICIPAL,114.0,3192.0,0,6126.0,2934.0
5418,2021,MUNICIPAL,62.0,1663.0,0,3401.0,1738.0
5419,2021,MUNICIPAL,23.0,1121.0,0,2116.0,995.0
5420,2021,MUNICIPAL,19.0,1044.0,0,1738.0,694.0
5421,2021,MUNICIPAL,25.0,1077.0,0,1891.0,814.0
5422,2021,MUNICIPAL,30.0,1398.0,0,2309.0,911.0
5423,2021,MUNICIPAL,39.0,1473.0,0,3027.0,1554.0
5424,2021,MUNICIPAL,21.0,916.0,0,1838.0,922.0
5425,2021,MUNICIPAL,52.0,2355.0,0,4003.0,1648.0
5426,2021,MUNICIPAL,13.0,750.0,0,1522.0,772.0
5427,2021,MUNICIPAL,5.0,303.0,0,602.0,299.0
5428,2021,MUNICIPAL,33.0,1251.0,0,2697.0,1446.0
5429,2021,MUNICIPAL,28.0,879.0,0,1648.0,769.0
5430,2021,MUNICIPAL,23.0,1199.0,0,2251.0,1052.0
5431,2021,MUNICIPAL,56.0,1697.0,0,3587.0,1890.0
5432,2021,MUNICIPAL,25.0,909.0,0,1728.0,819.0
5433,2021,MUNICIPAL,57.0,1733.0,0,3805.0,2072.0
5434,2021,MUNICIPAL,35.0,1924.0,0,3451.0,1527.0
5435,2021,MUNICIPAL,42.0,1204.0,0,2042.0,838.0
5436,2021,MUNICIPAL,28.0,1747.0,0,3194.0,1447.0
5437,2021,MUNICIPAL,55.0,2062.0,0,4129.0,2067.0
5438,2021,MUNICIPAL,55.0,1889.0,0,3890.0,2001.0
5439,2021,MUNICIPAL,33.0,1876.0,0,3894.0,2018.0
5440,2021,MUNICIPAL,85.0,3661.0,0,8236.0,4575.0
5441,2021,MUNICIPAL,18.0,942.0,0,2003.0,1061.0
5442,2021,MUNICIPAL,8.0,1074.0,0,2396.0,1322.0
6433,2021,MUNICIPAL,8.0,204.0,0,484.0,280.0
6434,2021,MUNICIPAL,18.0,508.0,0,828.0,320.0
6435,2021,MUNICIPAL,25.0,523.0,0,842.0,319.0
6436,2021,MUNICIPAL,8.0,341.0,0,738.0,397.0
6437,2021,MUNICIPAL,10.0,485.0,0,808.0,323.0
6438,2021,MUNICIPAL,9.0,366.0,0,677.0,311.0
6439,2021,MUNICIPAL,21.0,998.0,0,1743.0,745.0
6440,2021,MUNICIPAL,3.0,267.0,0,491.0,224.0
6441,2021,MUNICIPAL,26.0,576.0,0,898.0,322.0
6442,2021,MUNICIPAL,19.0,909.0,0,1585.0,676.0
6443,2021,MUNICIPAL,4.0,295.0,0,579.0,284.0
6444,2021,MUNICIPAL,9.0,370.0,0,640.0,270.0
6445,2021,MUNICIPAL,23.0,388.0,0,654.0,266.0
6446,2021,MUNICIPAL,20.0,399.0,0,647.0,248.0
6447,2021,MUNICIPAL,7.0,234.0,0,504.0,270.0
6448,2021,MUNICIPAL,16.0,588.0,0,892.0,304.0
6449,2021,MUNICIPAL,7.0,386.0,0,556.0,170.0
6450,2021,MUNICIPAL,23.0,575.0,0,905.0,330.0
6451,2021,MUNICIPAL,11.0,353.0,0,500.0,147.0
6452,2021,MUNICIPAL,4.0,385.0,0,624.0,239.0
6453,2021,MUNICIPAL,5.0,339.0,0,570.0,231.0
6454,2021,MUNICIPAL,24.0,342.0,0,573.0,231.0
6455,2021,MUNICIPAL,17.0,586.0,0,950.0,364.0
6456,2021,MUNICIPAL,24.0,570.0,0,940.0,370.0
6457,2021,MUNICIPAL,15.0,322.0,0,554.0,232.0
6458,2021,MUNICIPAL,12.0,355.0,0,580.0,225.0
6459,2021,MUNICIPAL,20.0,528.0,0,880.0,352.0
6460,2021,MUNICIPAL,21.0,501.0,0,996.0,495.0
6461,2021,MUNICIPAL,20.0,416.0,0,644.0,228.0
6462,2021,MUNICIPAL,15.0,456.0,0,768.0,312.0
6516,2021,MUNICIPAL,9.0,228.0,0,1237.0,1009.0
TOTAL,2021,MUNICIPAL,8775.0,362730.0,0,675652.0,312922.0
