SECCION,ANIO,TIPO_ELECCION,ESTRUCTURA_TRADICIONAL,ESTRUCTURA_IZQUIERDA,VOTOS_TOTALES,LISTA_NOMINAL_HIST,VOTOS_NULOS,ABSTENCIONISMO_HIST
5169,2023,GUBERNATURA,676.0,625.0,1336.0,2304,0,968.0
5170,2023,GUBERNATURA,847.0,651.0,1530.0,2313,0,783.0
5171,2023,GUBERNATURA,552.0,386.0,957.0,1470,0,513.0
5172,2023,GUBERNATURA,297.0,270.0,589.0,944,0,355.0
5173,2023,GUBERNATURA,537.0,377.0,933.0,1542,0,609.0
5174,2023,GUBERNATURA,1459.0,763.0,2253.0,1820,0,0.0
5175,2023,GUBERNATURA,606.0,510.0,1138.0,1663,0,525.0
5176,2023,GUBERNATURA,991.0,330.0,1341.0,1878,0,537.0
5177,2023,GUBERNATURA,874.0,665.0,1563.0,2394,0,831.0
5178,2023,GUBERNATURA,1046.0,525.0,1600.0,2370,0,770.0
5179,2023,GUBERNATURA,964.0,468.0,1450.0,2079,0,629.0
5180,2023,GUBERNATURA,603.0,338.0,968.0,1365,0,397.0
5181,2023,GUBERNATURA,437.0,234.0,692.0,1036,0,344.0
5182,2023,GUBERNATURA,169.0,118.0,298.0,462,0,164.0
5183,2023,GUBERNATURA,401.0,296.0,714.0,997,0,283.0
5184,2023,GUBERNATURA,431.0,308.0,751.0,1107,0,356.0
5185,2023,GUBERNATURA,753.0,587.0,1374.0,2125,0,751.0
5186,2023,GUBERNATURA,731.0,501.0,1264.0,1882,0,618.0
5187,2023,GUBERNATURA,492.0,410.0,921.0,1495,0,574.0
5188,2023,GUBERNATURA,1131.0,865.0,2024.0,3091,0,1067.0
5189,2023,GUBERNATURA,554.0,483.0,1066.0,1636,0,570.0
5190,2023,GUBERNATURA,710.0,819.0,1586.0,2678,0,1092.0
5191,2023,GUBERNATURA,844.0,460.0,1331.0,1839,0,508.0
5192,2023,GUBERNATURA,635.0,286.0,949.0,1350,0,401.0
5193,2023,GUBERNATURA,556.0,295.0,873.0,1306,0,433.0
5194,2023,GUBERNATURA,163.0,92.0,262.0,404,0,142.0
5195,2023,GUBERNATURA,77.0,35.0,112.0,172,0,60.0
5196,2023,GUBERNATURA,140.0,73.0,217.0,337,0,120.0
5197,2023,GUBERNATURA,170.0,68.0,245.0,367,0,122.0
5198,2023,GUBERNATURA,507.0,316.0,856.0,1292,0,436.0
5199,2023,GUBERNATURA,264.0,158.0,430.0,627,0,197.0
5200,2023,GUBERNATURA,332.0,242.0,598.0,869,0,271.0
5201,2023,GUBERNATURA,646.0,384.0,1054.0,1524,0,470.0
5202,2023,GUBERNATURA,803.0,287.0,1111.0,1525,0,414.0
5203,2023,GUBERNATURA,1178.0,740.0,1964.0,2855,0,891.0
5204,2023,GUBERNATURA,96.0,28.0,125.0,160,0,35.0
5205,2023,GUBERNATURA,288.0,168.0,471.0,650,0,179.0
5206,2023,GUBERNATURA,350.0,174.0,538.0,756,0,218.0
5207,2023,GUBERNATURA,343.0,127.0,475.0,662,0,187.0
5208,2023,GUBERNATURA,121.0,65.0,187.0,265,0,78.0
5209,2023,GUBERNATURA,119.0,69.0,198.0,312,0,114.0
5210,2023,GUBERNATURA,210.0,99.0,318.0,449,0,131.0
5211,2023,GUBERNATURA,244.0,94.0,347.0,516,0,169.0
5212,2023,GUBERNATURA,127.0,64.0,196.0,284,0,88.0
5213,2023,GUBERNATURA,438.0,169.0,630.0,926,0,296.0
5214,2023,GUBERNATURA,636.0,252.0,902.0,1266,0,364.0
5215,2023,GUBERNATURA,396.0,147.0,557.0,799,0,242.0
5216,2023,GUBERNATURA,436.0,129.0,577.0,746,0,169.0
5217,2023,GUBERNATURA,480.0,289.0,790.0,1065,0,275.0
5218,2023,GUBERNATURA,688.0,245.0,960.0,1213,0,253.0
5219,2023,GUBERNATURA,781.0,292.0,1092.0,1416,0,324.0
5220,2023,GUBERNATURA,552.0,219.0,778.0,1078,0,300.0
5221,2023,GUBERNATURA,437.0,134.0,590.0,796,0,206.0
5222,2023,GUBERNATURA,430.0,217.0,662.0,880,0,218.0
5223,2023,GUBERNATURA,454.0,269.0,741.0,1071,0,330.0
5224,2023,GUBERNATURA,418.0,200.0,633.0,918,0,285.0
5225,2023,GUBERNATURA,404.0,187.0,608.0,812,0,204.0
5226,2023,GUBERNATURA,641.0,200.0,863.0,1009,0,146.0
5227,2023,GUBERNATURA,597.0,256.0,866.0,1236,0,370.0
5228,2023,GUBERNATURA,475.0,235.0,732.0,1022,0,290.0
5229,2023,GUBERNATURA,462.0,239.0,718.0,1049,0,331.0
5230,2023,GUBERNATURA,372.0,148.0,533.0,715,0,182.0
5231,2023,GUBERNATURA,629.0,284.0,940.0,1319,0,379.0
5232,2023,GUBERNATURA,706.0,322.0,1052.0,1542,0,490.0
5233,2023,GUBERNATURA,539.0,86.0,631.0,829,0,198.0
5234,2023,GUBERNATURA,496.0,187.0,692.0,898,0,206.0
5235,2023,GUBERNATURA,529.0,217.0,756.0,1049,0,293.0
5236,2023,GUBERNATURA,813.0,328.0,1157.0,1513,0,356.0
5237,2023,GUBERNATURA,668.0,402.0,1101.0,1602,0,501.0
5238,2023,GUBERNATURA,492.0,192.0,697.0,906,0,209.0
5239,2023,GUBERNATURA,416.0,207.0,629.0,876,0,247.0
5240,2023,GUBERNATURA,708.0,309.0,1032.0,1389,0,357.0
5241,2023,GUBERNATURA,644.0,222.0,882.0,1164,0,282.0
5242,2023,GUBERNATURA,595.0,335.0,953.0,1473,0,520.0
5243,2023,GUBERNATURA,495.0,211.0,726.0,1092,0,366.0
5244,2023,GUBERNATURA,552.0,300.0,869.0,1354,0,485.0
5245,2023,GUBERNATURA,611.0,367.0,1005.0,1474,0,469.0
5246,2023,GUBERNATURA,313.0,253.0,576.0,1009,0,433.0
5247,2023,GUBERNATURA,265.0,187.0,462.0,821,0,359.0
5248,2023,GUBERNATURA,931.0,420.0,1376.0,2001,0,625.0
5249,2023,GUBERNATURA,477.0,329.0,819.0,1169,0,350.0
5250,2023,GUBERNATURA,404.0,351.0,775.0,1261,0,486.0
5251,2023,GUBERNATURA,533.0,414.0,973.0,1584,0,611.0
5252,2023,GUBERNATURA,555.0,406.0,990.0,1506,0,516.0
5253,2023,GUBERNATURA,376.0,256.0,637.0,1098,0,461.0
5254,2023,GUBERNATURA,597.0,288.0,901.0,1374,0,473.0
5255,2023,GUBERNATURA,615.0,551.0,1192.0,1865,0,673.0
5256,2023,GUBERNATURA,576.0,425.0,1032.0,1743,0,711.0
5257,2023,GUBERNATURA,494.0,438.0,972.0,1646,0,674.0
5258,2023,GUBERNATURA,643.0,482.0,1154.0,1827,0,673.0
5259,2023,GUBERNATURA,576.0,460.0,1054.0,1673,0,619.0
5260,2023,GUBERNATURA,452.0,384.0,858.0,1301,0,443.0
5261,2023,GUBERNATURA,774.0,870.0,1686.0,2929,0,1243.0
5262,2023,GUBERNATURA,504.0,500.0,1030.0,1737,0,707.0
5263,2023,GUBERNATURA,810.0,596.0,1441.0,2372,0,931.0
5264,2023,GUBERNATURA,722.0,522.0,1268.0,1831,0,563.0
5265,2023,GUBERNATURA,706.0,519.0,1250.0,1801,0,551.0
5266,2023,GUBERNATURA,886.0,1077.0,2032.0,3765,0,1733.0
5267,2023,GUBERNATURA,607.0,967.0,1633.0,3345,0,1712.0
5268,2023,GUBERNATURA,599.0,1024.0,1680.0,3358,0,1678.0
5269,2023,GUBERNATURA,926.0,1351.0,2354.0,5258,0,2904.0
5270,2023,GUBERNATURA,647.0,1087.0,1800.0,3722,0,1922.0
5271,2023,GUBERNATURA,2392.0,2361.0,4886.0,9191,0,4305.0
5272,2023,GUBERNATURA,1407.0,1019.0,2473.0,3505,0,1032.0
5273,2023,GUBERNATURA,471.0,709.0,1207.0,2054,0,847.0
5274,2023,GUBERNATURA,672.0,803.0,1522.0,2458,0,936.0
5275,2023,GUBERNATURA,530.0,689.0,1249.0,1905,0,656.0
5276,2023,GUBERNATURA,424.0,481.0,928.0,1534,0,606.0
5277,2023,GUBERNATURA,652.0,622.0,1304.0,2175,0,871.0
5278,2023,GUBERNATURA,1111.0,1406.0,2594.0,4488,0,1894.0
5279,2023,GUBERNATURA,417.0,418.0,858.0,1296,0,438.0
5280,2023,GUBERNATURA,2100.0,1780.0,3973.0,6743,0,2770.0
5281,2023,GUBERNATURA,1195.0,944.0,2198.0,3742,0,1544.0
5282,2023,GUBERNATURA,351.0,401.0,762.0,1205,0,443.0
5283,2023,GUBERNATURA,631.0,856.0,1524.0,2594,0,1070.0
5284,2023,GUBERNATURA,753.0,458.0,1245.0,1814,0,569.0
5285,2023,GUBERNATURA,1003.0,1253.0,2314.0,3773,0,1459.0
5286,2023,GUBERNATURA,609.0,1126.0,1768.0,2957,0,1189.0
5287,2023,GUBERNATURA,1028.0,635.0,1707.0,2431,0,724.0
5288,2023,GUBERNATURA,629.0,401.0,1048.0,1516,0,468.0
5289,2023,GUBERNATURA,584.0,580.0,1206.0,1907,0,701.0
5290,2023,GUBERNATURA,415.0,478.0,913.0,1484,0,571.0
5291,2023,GUBERNATURA,905.0,953.0,1905.0,3166,0,1261.0
5292,2023,GUBERNATURA,1134.0,865.0,2043.0,3477,0,1434.0
5293,2023,GUBERNATURA,706.0,688.0,1435.0,2297,0,862.0
5294,2023,GUBERNATURA,632.0,604.0,1267.0,1985,0,718.0
5295,2023,GUBERNATURA,1325.0,1510.0,2923.0,5520,0,2597.0
5296,2023,GUBERNATURA,1872.0,1809.0,3774.0,7134,0,3360.0
5297,2023,GUBERNATURA,1310.0,1151.0,2522.0,4686,0,2164.0
5298,2023,GUBERNATURA,1388.0,1702.0,3195.0,6046,0,2851.0
5299,2023,GUBERNATURA,474.0,352.0,848.0,1194,0,346.0
5300,2023,GUBERNATURA,467.0,588.0,1084.0,1807,0,723.0
5301,2023,GUBERNATURA,474.0,444.0,936.0,1616,0,680.0
5302,2023,GUBERNATURA,790.0,329.0,1135.0,1420,0,285.0
5303,2023,GUBERNATURA,2727.0,2260.0,5076.0,8497,0,3421.0
5304,2023,GUBERNATURA,1139.0,875.0,2049.0,3021,0,972.0
5305,2023,GUBERNATURA,1726.0,833.0,2596.0,3956,0,1360.0
5306,2023,GUBERNATURA,929.0,634.0,1607.0,2414,0,807.0
5307,2023,GUBERNATURA,427.0,256.0,694.0,1029,0,335.0
5308,2023,GUBERNATURA,1021.0,573.0,1617.0,948,0,0.0
5309,2023,GUBERNATURA,1019.0,1402.0,2479.0,4020,0,1541.0
5310,2023,GUBERNATURA,710.0,761.0,1502.0,2292,0,790.0
5311,2023,GUBERNATURA,707.0,725.0,1464.0,2268,0,804.0
5312,2023,GUBERNATURA,497.0,238.0,757.0,1081,0,324.0
5313,2023,GUBERNATURA,622.0,316.0,953.0,1457,0,504.0
5314,2023,GUBERNATURA,640.0,387.0,1045.0,1581,0,536.0
5315,2023,GUBERNATURA,322.0,171.0,508.0,676,0,168.0
5316,2023,GUBERNATURA,819.0,609.0,1478.0,2414,0,936.0
5317,2023,GUBERNATURA,1622.0,1447.0,3152.0,5339,0,2187.0
5318,2023,GUBERNATURA,1303.0,1243.0,2617.0,4445,0,1828.0
5319,2023,GUBERNATURA,698.0,706.0,1450.0,2484,0,1034.0
5320,2023,GUBERNATURA,954.0,685.0,1675.0,2451,0,776.0
5321,2023,GUBERNATURA,604.0,383.0,1004.0,1492,0,488.0
5322,2023,GUBERNATURA,612.0,502.0,1140.0,1700,0,560.0
5323,2023,GUBERNATURA,1134.0,1485.0,2672.0,4560,0,1888.0
5324,2023,GUBERNATURA,562.0,839.0,1433.0,2352,0,919.0
5325,2023,GUBERNATURA,562.0,661.0,1255.0,2025,0,770.0
5326,2023,GUBERNATURA,807.0,786.0,1638.0,2615,0,977.0
5327,2023,GUBERNATURA,419.0,638.0,1083.0,1681,0,598.0
5328,2023,GUBERNATURA,420.0,255.0,688.0,985,0,297.0
5329,2023,GUBERNATURA,892.0,747.0,1687.0,2630,0,943.0
5330,2023,GUBERNATURA,1209.0,1118.0,2396.0,4678,0,2282.0
5331,2023,GUBERNATURA,390.0,488.0,908.0,1428,0,520.0
5332,2023,GUBERNATURA,399.0,446.0,868.0,1394,0,526.0
5333,2023,GUBERNATURA,520.0,555.0,1092.0,1686,0,594.0
5334,2023,GUBERNATURA,998.0,884.0,1926.0,3189,0,1263.0
5335,2023,GUBERNATURA,1967.0,1535.0,3591.0,6081,0,2490.0
5336,2023,GUBERNATURA,910.0,706.0,1665.0,2753,0,1088.0
5337,2023,GUBERNATURA,871.0,926.0,1849.0,3538,0,1689.0
5338,2023,GUBERNATURA,539.0,577.0,1155.0,2114,0,959.0
5339,2023,GUBERNATURA,690.0,791.0,1515.0,2556,0,1041.0
5340,2023,GUBERNATURA,529.0,462.0,1018.0,1596,0,578.0
5341,2023,GUBERNATURA,737.0,547.0,1309.0,1992,0,683.0
5342,2023,GUBERNATURA,706.0,647.0,1391.0,2177,0,786.0
5343,2023,GUBERNATURA,825.0,854.0,1724.0,2924,0,1200.0
5344,2023,GUBERNATURA,458.0,350.0,830.0,1393,0,563.0
5345,2023,GUBERNATURA,1735.0,1086.0,2879.0,4641,0,1762.0
5347,2023,GUBERNATURA,814.0,763.0,1609.0,2510,0,901.0
5348,2023,GUBERNATURA,910.0,789.0,1735.0,2789,0,1054.0
5349,2023,GUBERNATURA,2041.0,1720.0,3851.0,6781,0,2930.0
5350,2023,GUBERNATURA,2473.0,1974.0,4579.0,8333,0,3754.0
5351,2023,GUBERNATURA,1153.0,1065.0,2293.0,3782,0,1489.0
5352,2023,GUBERNATURA,299.0,247.0,558.0,795,0,237.0
5353,2023,GUBERNATURA,466.0,390.0,874.0,1289,0,415.0
5354,2023,GUBERNATURA,1296.0,1532.0,2899.0,4704,0,1805.0
5355,2023,GUBERNATURA,1079.0,863.0,2013.0,4579,0,2566.0
5356,2023,GUBERNATURA,701.0,964.0,1719.0,3007,0,1288.0
5357,2023,GUBERNATURA,357.0,508.0,903.0,1748,0,845.0
5358,2023,GUBERNATURA,606.0,584.0,1237.0,2236,0,999.0
5359,2023,GUBERNATURA,1126.0,1049.0,2238.0,3981,0,1743.0
5360,2023,GUBERNATURA,602.0,841.0,1492.0,2491,0,999.0
5361,2023,GUBERNATURA,502.0,611.0,1157.0,2416,0,1259.0
5362,2023,GUBERNATURA,1270.0,1997.0,3380.0,7138,0,3758.0
5363,2023,GUBERNATURA,1460.0,1027.0,2537.0,4531,0,1994.0
5364,2023,GUBERNATURA,590.0,914.0,1550.0,3690,0,2140.0
5365,2023,GUBERNATURA,596.0,750.0,1378.0,2571,0,1193.0
5367,2023,GUBERNATURA,474.0,671.0,1186.0,2374,0,1188.0
5368,2023,GUBERNATURA,625.0,821.0,1501.0,3367,0,1866.0
5369,2023,GUBERNATURA,570.0,696.0,1313.0,2335,0,1022.0
5370,2023,GUBERNATURA,669.0,837.0,1569.0,3097,0,1528.0
5371,2023,GUBERNATURA,397.0,481.0,895.0,1538,0,643.0
5372,2023,GUBERNATURA,1138.0,1488.0,2692.0,4798,0,2106.0
5373,2023,GUBERNATURA,857.0,1162.0,2062.0,3451,0,1389.0
5374,2023,GUBERNATURA,605.0,855.0,1506.0,2910,0,1404.0
5375,2023,GUBERNATURA,613.0,782.0,1461.0,2819,0,1358.0
5376,2023,GUBERNATURA,937.0,1385.0,2434.0,4512,0,2078.0
5377,2023,GUBERNATURA,386.0,528.0,937.0,1834,0,897.0
5378,2023,GUBERNATURA,730.0,1032.0,1827.0,3574,0,1747.0
5379,2023,GUBERNATURA,656.0,942.0,1637.0,2820,0,1183.0
5380,2023,GUBERNATURA,479.0,816.0,1321.0,2162,0,841.0
5381,2023,GUBERNATURA,941.0,1198.0,2217.0,4258,0,2041.0
5382,2023,GUBERNATURA,954.0,1573.0,2600.0,5216,0,2616.0
5383,2023,GUBERNATURA,502.0,811.0,1355.0,2567,0,1212.0
5384,2023,GUBERNATURA,837.0,1079.0,1976.0,3710,0,1734.0
5385,2023,GUBERNATURA,271.0,373.0,669.0,1388,0,719.0
5386,2023,GUBERNATURA,464.0,706.0,1206.0,2444,0,1238.0
5387,2023,GUBERNATURA,379.0,569.0,976.0,1865,0,889.0
5389,2023,GUBERNATURA,831.0,1142.0,2051.0,4180,0,2129.0
5390,2023,GUBERNATURA,1631.0,2046.0,3778.0,5129,0,1351.0
5391,2023,GUBERNATURA,678.0,859.0,1585.0,2958,0,1373.0
5392,2023,GUBERNATURA,684.0,1035.0,1775.0,3204,0,1429.0
5393,2023,GUBERNATURA,546.0,1090.0,1667.0,3188,0,1521.0
5394,2023,GUBERNATURA,1607.0,929.0,2598.0,4263,0,1665.0
5395,2023,GUBERNATURA,247.0,460.0,736.0,1433,0,697.0
5396,2023,GUBERNATURA,577.0,707.0,1310.0,2191,0,881.0
5397,2023,GUBERNATURA,809.0,1063.0,1963.0,4294,0,2331.0
5398,2023,GUBERNATURA,778.0,1323.0,2144.0,3383,0,1239.0
5399,2023,GUBERNATURA,845.0,1442.0,2340.0,3536,0,1196.0
5400,2023,GUBERNATURA,506.0,903.0,1430.0,2195,0,765.0
5401,2023,GUBERNATURA,1184.0,953.0,2192.0,3596,0,1404.0
5402,2023,GUBERNATURA,430.0,685.0,1151.0,2003,0,852.0
5403,2023,GUBERNATURA,736.0,1281.0,2072.0,3210,0,1138.0
5404,2023,GUBERNATURA,850.0,1127.0,2040.0,4224,0,2184.0
5405,2023,GUBERNATURA,697.0,1065.0,1818.0,3213,0,1395.0
5406,2023,GUBERNATURA,721.0,1018.0,1823.0,3051,0,1228.0
5407,2023,GUBERNATURA,641.0,1030.0,1725.0,3048,0,1323.0
5408,2023,GUBERNATURA,653.0,928.0,1627.0,2753,0,1126.0
5409,2023,GUBERNATURA,450.0,710.0,1209.0,2432,0,1223.0
5410,2023,GUBERNATURA,907.0,1467.0,2448.0,5117,0,2669.0
5411,2023,GUBERNATURA,608.0,979.0,1633.0,3115,0,1482.0
5412,2023,GUBERNATURA,717.0,1139.0,1905.0,3700,0,1795.0
5413,2023,GUBERNATURA,198.0,367.0,577.0,1092,0,515.0
5414,2023,GUBERNATURA,1360.0,1607.0,3057.0,5697,0,2640.0
5415,2023,GUBERNATURA,755.0,1103.0,1908.0,3561,0,1653.0
5416,2023,GUBERNATURA,1231.0,1346.0,2640.0,5001,0,2361.0
5417,2023,GUBERNATURA,1722.0,1764.0,3592.0,6418,0,2826.0
5418,2023,GUBERNATURA,795.0,1069.0,1918.0,3545,0,1627.0
5419,2023,GUBERNATURA,717.0,531.0,1300.0,2202,0,902.0
5420,2023,GUBERNATURA,664.0,490.0,1174.0,1801,0,627.0
5421,2023,GUBERNATURA,633.0,520.0,1187.0,1976,0,789.0
5422,2023,GUBERNATURA,742.0,807.0,1598.0,2366,0,768.0
5423,2023,GUBERNATURA,657.0,1045.0,1766.0,3191,0,1425.0
5424,2023,GUBERNATURA,450.0,596.0,1082.0,1942,0,860.0
5425,2023,GUBERNATURA,1555.0,1204.0,2821.0,4280,0,1459.0
5426,2023,GUBERNATURA,381.0,397.0,808.0,1681,0,873.0
5427,2023,GUBERNATURA,168.0,146.0,327.0,685,0,358.0
5428,2023,GUBERNATURA,578.0,794.0,1417.0,2848,0,1431.0
5429,2023,GUBERNATURA,322.0,581.0,930.0,1707,0,777.0
5430,2023,GUBERNATURA,509.0,742.0,1280.0,2320,0,1040.0
5431,2023,GUBERNATURA,751.0,1140.0,1943.0,3879,0,1936.0
5432,2023,GUBERNATURA,355.0,525.0,907.0,1747,0,840.0
5433,2023,GUBERNATURA,606.0,1260.0,1914.0,4047,0,2133.0
5434,2023,GUBERNATURA,1011.0,1150.0,2220.0,3620,0,1400.0
5435,2023,GUBERNATURA,587.0,795.0,1407.0,2127,0,720.0
5436,2023,GUBERNATURA,974.0,983.0,2005.0,3434,0,1429.0
5437,2023,GUBERNATURA,1021.0,1245.0,2326.0,4351,0,2025.0
5438,2023,GUBERNATURA,786.0,1160.0,1991.0,4212,0,2221.0
5439,2023,GUBERNATURA,927.0,1252.0,2243.0,4201,0,1958.0
5440,2023,GUBERNATURA,2225.0,2251.0,4618.0,8719,0,4101.0
5441,2023,GUBERNATURA,468.0,556.0,1069.0,2127,0,1058.0
5442,2023,GUBERNATURA,506.0,645.0,1219.0,2549,0,1330.0
6433,2023,GUBERNATURA,93.0,148.0,247.0,521,0,274.0
6434,2023,GUBERNATURA,321.0,221.0,556.0,884,0,328.0
6435,2023,GUBERNATURA,339.0,233.0,582.0,879,0,297.0
6436,2023,GUBERNATURA,194.0,235.0,441.0,778,0,337.0
6437,2023,GUBERNATURA,317.0,230.0,555.0,847,0,292.0
6438,2023,GUBERNATURA,176.0,243.0,441.0,764,0,323.0
6439,2023,GUBERNATURA,749.0,371.0,1145.0,1928,0,783.0
6440,2023,GUBERNATURA,165.0,188.0,360.0,554,0,194.0
6441,2023,GUBERNATURA,338.0,230.0,585.0,940,0,355.0
6442,2023,GUBERNATURA,837.0,384.0,1245.0,2117,0,872.0
6443,2023,GUBERNATURA,165.0,175.0,349.0,608,0,259.0
6444,2023,GUBERNATURA,232.0,150.0,389.0,651,0,262.0
6445,2023,GUBERNATURA,252.0,171.0,437.0,681,0,244.0
6446,2023,GUBERNATURA,218.0,199.0,425.0,694,0,269.0
6447,2023,GUBERNATURA,127.0,153.0,295.0,549,0,254.0
6448,2023,GUBERNATURA,413.0,195.0,623.0,988,0,365.0
6449,2023,GUBERNATURA,281.0,125.0,413.0,611,0,198.0
6450,2023,GUBERNATURA,361.0,258.0,634.0,975,0,341.0
6451,2023,GUBERNATURA,250.0,102.0,357.0,541,0,184.0
6452,2023,GUBERNATURA,285.0,153.0,441.0,648,0,207.0
6453,2023,GUBERNATURA,212.0,176.0,403.0,633,0,230.0
6454,2023,GUBERNATURA,217.0,141.0,365.0,581,0,216.0
6455,2023,GUBERNATURA,353.0,254.0,622.0,970,0,348.0
6456,2023,GUBERNATURA,356.0,242.0,605.0,968,0,363.0
6457,2023,GUBERNATURA,179.0,140.0,327.0,553,0,226.0
6458,2023,GUBERNATURA,206.0,170.0,385.0,581,0,196.0
6459,2023,GUBERNATURA,358.0,253.0,622.0,932,0,310.0
6460,2023,GUBERNATURA,283.0,281.0,577.0,994,0,417.0
6461,2023,GUBERNATURA,295.0,171.0,472.0,677,0,205.0
6462,2023,GUBERNATURA,308.0,212.0,532.0,798,0,266.0
6516,2023,GUBERNATURA,208.0,374.0,594.0,1388,0,794.0
6671,2023,GUBERNATURA,558.0,818.0,1434.0,2826,0,1392.0
6672,2023,GUBERNATURA,547.0,348.0,922.0,1545,0,623.0
6675,2023,GUBERNATURA,641.0,297.0,952.0,1334,0,382.0
6676,2023,GUBERNATURA,958.0,329.0,1316.0,1825,0,509.0
3922,2017,GUBERNATURA,631.0,316.0,1328.0,2401,0,1073.0
5169,2017,GUBERNATURA,433.0,312.0,1240.0,2027,0,787.0
5170,2017,GUBERNATURA,531.0,392.0,1510.0,2262,0,752.0
5171,2017,GUBERNATURA,339.0,198.0,943.0,1431,0,488.0
5172,2017,GUBERNATURA,207.0,114.0,527.0,879,0,352.0
5173,2017,GUBERNATURA,314.0,177.0,867.0,1450,0,583.0
5174,2017,GUBERNATURA,635.0,494.0,1918.0,1765,0,0.0
5175,2017,GUBERNATURA,260.0,347.0,1093.0,1619,0,526.0
5176,2017,GUBERNATURA,409.0,374.0,1359.0,1866,0,507.0
5177,2017,GUBERNATURA,334.0,451.0,1426.0,2103,0,677.0
5178,2017,GUBERNATURA,355.0,472.0,1480.0,2215,0,735.0
5179,2017,GUBERNATURA,354.0,320.0,1257.0,1849,0,592.0
5180,2017,GUBERNATURA,284.0,266.0,987.0,1375,0,388.0
5181,2017,GUBERNATURA,242.0,194.0,726.0,1070,0,344.0
5182,2017,GUBERNATURA,128.0,76.0,306.0,434,0,128.0
5183,2017,GUBERNATURA,223.0,210.0,705.0,982,0,277.0
5184,2017,GUBERNATURA,279.0,175.0,744.0,1148,0,404.0
5185,2017,GUBERNATURA,474.0,340.0,1346.0,2052,0,706.0
5186,2017,GUBERNATURA,413.0,314.0,1236.0,1820,0,584.0
5187,2017,GUBERNATURA,276.0,225.0,897.0,1413,0,516.0
5188,2017,GUBERNATURA,586.0,514.0,1827.0,2781,0,954.0
5189,2017,GUBERNATURA,308.0,312.0,957.0,1504,0,547.0
5190,2017,GUBERNATURA,592.0,432.0,1556.0,2392,0,836.0
5191,2017,GUBERNATURA,354.0,387.0,1238.0,1715,0,477.0
5192,2017,GUBERNATURA,289.0,261.0,926.0,1293,0,367.0
5193,2017,GUBERNATURA,279.0,225.0,871.0,1240,0,369.0
5194,2017,GUBERNATURA,76.0,64.0,255.0,396,0,141.0
5195,2017,GUBERNATURA,37.0,28.0,124.0,185,0,61.0
5196,2017,GUBERNATURA,101.0,50.0,254.0,364,0,110.0
5197,2017,GUBERNATURA,96.0,66.0,273.0,430,0,157.0
5198,2017,GUBERNATURA,255.0,253.0,894.0,1346,0,452.0
5199,2017,GUBERNATURA,127.0,125.0,432.0,637,0,205.0
5200,2017,GUBERNATURA,220.0,183.0,632.0,908,0,276.0
5201,2017,GUBERNATURA,306.0,281.0,1049.0,1457,0,408.0
5202,2017,GUBERNATURA,319.0,227.0,1032.0,1434,0,402.0
5203,2017,GUBERNATURA,532.0,515.0,1912.0,2705,0,793.0
5204,2017,GUBERNATURA,53.0,19.0,118.0,163,0,45.0
5205,2017,GUBERNATURA,125.0,162.0,491.0,676,0,185.0
5206,2017,GUBERNATURA,185.0,153.0,570.0,820,0,250.0
5207,2017,GUBERNATURA,172.0,138.0,498.0,695,0,197.0
5208,2017,GUBERNATURA,60.0,57.0,190.0,256,0,66.0
5209,2017,GUBERNATURA,48.0,72.0,204.0,318,0,114.0
5210,2017,GUBERNATURA,100.0,92.0,337.0,499,0,162.0
5211,2017,GUBERNATURA,123.0,90.0,355.0,505,0,150.0
5212,2017,GUBERNATURA,64.0,61.0,206.0,313,0,107.0
5213,2017,GUBERNATURA,207.0,164.0,628.0,872,0,244.0
5214,2017,GUBERNATURA,272.0,231.0,878.0,1242,0,364.0
5215,2017,GUBERNATURA,186.0,122.0,518.0,742,0,224.0
5216,2017,GUBERNATURA,216.0,158.0,593.0,770,0,177.0
5217,2017,GUBERNATURA,204.0,254.0,764.0,1052,0,288.0
5218,2017,GUBERNATURA,288.0,242.0,918.0,1247,0,329.0
5219,2017,GUBERNATURA,380.0,245.0,1100.0,1440,0,340.0
5220,2017,GUBERNATURA,312.0,181.0,794.0,1067,0,273.0
5221,2017,GUBERNATURA,215.0,143.0,610.0,811,0,201.0
5222,2017,GUBERNATURA,211.0,164.0,621.0,923,0,302.0
5223,2017,GUBERNATURA,240.0,221.0,712.0,1082,0,370.0
5224,2017,GUBERNATURA,179.0,188.0,661.0,941,0,280.0
5225,2017,GUBERNATURA,210.0,163.0,623.0,888,0,265.0
5226,2017,GUBERNATURA,221.0,205.0,759.0,1078,0,319.0
5227,2017,GUBERNATURA,236.0,253.0,890.0,1224,0,334.0
5228,2017,GUBERNATURA,223.0,172.0,705.0,990,0,285.0
5229,2017,GUBERNATURA,235.0,210.0,714.0,974,0,260.0
5230,2017,GUBERNATURA,168.0,151.0,567.0,762,0,195.0
5231,2017,GUBERNATURA,306.0,259.0,992.0,1434,0,442.0
5232,2017,GUBERNATURA,338.0,292.0,1109.0,1649,0,540.0
5233,2017,GUBERNATURA,276.0,105.0,640.0,884,0,244.0
5234,2017,GUBERNATURA,226.0,154.0,683.0,926,0,243.0
5235,2017,GUBERNATURA,228.0,223.0,766.0,1067,0,301.0
5236,2017,GUBERNATURA,401.0,260.0,1142.0,1551,0,409.0
5237,2017,GUBERNATURA,303.0,309.0,1078.0,1525,0,447.0
5238,2017,GUBERNATURA,251.0,203.0,736.0,947,0,211.0
5239,2017,GUBERNATURA,244.0,146.0,673.0,911,0,238.0
5240,2017,GUBERNATURA,363.0,289.0,1075.0,1457,0,382.0
5241,2017,GUBERNATURA,301.0,208.0,853.0,1219,0,366.0
5242,2017,GUBERNATURA,238.0,294.0,1009.0,1494,0,485.0
5243,2017,GUBERNATURA,219.0,213.0,762.0,1171,0,409.0
5244,2017,GUBERNATURA,258.0,252.0,929.0,1431,0,502.0
5245,2017,GUBERNATURA,308.0,293.0,1073.0,1597,0,524.0
5246,2017,GUBERNATURA,163.0,182.0,581.0,958,0,377.0
5247,2017,GUBERNATURA,416.0,395.0,1207.0,824,0,0.0
5248,2017,GUBERNATURA,353.0,342.0,1378.0,2067,0,689.0
5249,2017,GUBERNATURA,193.0,297.0,839.0,1196,0,357.0
5250,2017,GUBERNATURA,172.0,229.0,755.0,1208,0,453.0
5251,2017,GUBERNATURA,295.0,313.0,1004.0,1549,0,545.0
5252,2017,GUBERNATURA,292.0,251.0,972.0,1477,0,505.0
5253,2017,GUBERNATURA,216.0,202.0,704.0,1196,0,492.0
5254,2017,GUBERNATURA,250.0,241.0,895.0,1346,0,451.0
5255,2017,GUBERNATURA,386.0,354.0,1189.0,1800,0,611.0
5256,2017,GUBERNATURA,303.0,287.0,1029.0,1659,0,630.0
5257,2017,GUBERNATURA,340.0,300.0,967.0,1578,0,611.0
5258,2017,GUBERNATURA,331.0,344.0,1123.0,1719,0,596.0
5259,2017,GUBERNATURA,281.0,259.0,923.0,1562,0,639.0
5260,2017,GUBERNATURA,218.0,257.0,807.0,1240,0,433.0
5261,2017,GUBERNATURA,438.0,505.0,1609.0,2751,0,1142.0
5262,2017,GUBERNATURA,326.0,280.0,1012.0,1679,0,667.0
5263,2017,GUBERNATURA,353.0,371.0,1435.0,2267,0,832.0
5264,2017,GUBERNATURA,288.0,367.0,1221.0,1794,0,573.0
5265,2017,GUBERNATURA,301.0,384.0,1224.0,1769,0,545.0
5266,2017,GUBERNATURA,913.0,433.0,2034.0,3134,0,1100.0
5267,2017,GUBERNATURA,683.0,374.0,1580.0,2865,0,1285.0
5268,2017,GUBERNATURA,703.0,353.0,1621.0,2734,0,1113.0
5269,2017,GUBERNATURA,1018.0,581.0,2468.0,4432,0,1964.0
5270,2017,GUBERNATURA,615.0,460.0,1776.0,3099,0,1323.0
5271,2017,GUBERNATURA,1299.0,1154.0,4207.0,7503,0,3296.0
5272,2017,GUBERNATURA,593.0,668.0,2297.0,3237,0,940.0
5273,2017,GUBERNATURA,273.0,290.0,1023.0,1620,0,597.0
5274,2017,GUBERNATURA,388.0,402.0,1437.0,2224,0,787.0
5275,2017,GUBERNATURA,320.0,274.0,1123.0,1704,0,581.0
5276,2017,GUBERNATURA,247.0,213.0,887.0,1443,0,556.0
5277,2017,GUBERNATURA,331.0,359.0,1295.0,2010,0,715.0
5278,2017,GUBERNATURA,565.0,611.0,2295.0,3756,0,1461.0
5279,2017,GUBERNATURA,245.0,210.0,769.0,1191,0,422.0
5280,2017,GUBERNATURA,698.0,1114.0,3619.0,5680,0,2061.0
5281,2017,GUBERNATURA,347.0,580.0,1882.0,3176,0,1294.0
5282,2017,GUBERNATURA,189.0,232.0,744.0,1159,0,415.0
5283,2017,GUBERNATURA,328.0,397.0,1390.0,2267,0,877.0
5284,2017,GUBERNATURA,294.0,325.0,1140.0,1677,0,537.0
5285,2017,GUBERNATURA,658.0,633.0,2078.0,3431,0,1353.0
5286,2017,GUBERNATURA,427.0,465.0,1562.0,2560,0,998.0
5287,2017,GUBERNATURA,531.0,439.0,1627.0,2290,0,663.0
5288,2017,GUBERNATURA,271.0,305.0,1021.0,1442,0,421.0
5289,2017,GUBERNATURA,251.0,291.0,1066.0,1694,0,628.0
5290,2017,GUBERNATURA,222.0,236.0,931.0,1381,0,450.0
5291,2017,GUBERNATURA,393.0,506.0,1745.0,2894,0,1149.0
5292,2017,GUBERNATURA,470.0,649.0,2070.0,3096,0,1026.0
5293,2017,GUBERNATURA,360.0,371.0,1406.0,2114,0,708.0
5294,2017,GUBERNATURA,367.0,323.0,1209.0,1789,0,580.0
5295,2017,GUBERNATURA,712.0,696.0,2627.0,4639,0,2012.0
5296,2017,GUBERNATURA,959.0,1034.0,3758.0,6099,0,2341.0
5297,2017,GUBERNATURA,529.0,591.0,2192.0,3915,0,1723.0
5298,2017,GUBERNATURA,728.0,779.0,2638.0,5131,0,2493.0
5299,2017,GUBERNATURA,220.0,249.0,841.0,1155,0,314.0
5300,2017,GUBERNATURA,222.0,248.0,972.0,1553,0,581.0
5301,2017,GUBERNATURA,201.0,258.0,847.0,1400,0,553.0
5302,2017,GUBERNATURA,369.0,315.0,1106.0,1398,0,292.0
5303,2017,GUBERNATURA,1139.0,1177.0,4141.0,6820,0,2679.0
5304,2017,GUBERNATURA,524.0,533.0,1875.0,2744,0,869.0
5305,2017,GUBERNATURA,642.0,802.0,2601.0,3809,0,1208.0
5306,2017,GUBERNATURA,468.0,403.0,1482.0,2224,0,742.0
5307,2017,GUBERNATURA,209.0,212.0,757.0,1082,0,325.0
5308,2017,GUBERNATURA,675.0,319.0,1434.0,1042,0,0.0
5309,2017,GUBERNATURA,561.0,654.0,2321.0,3647,0,1326.0
5310,2017,GUBERNATURA,379.0,434.0,1407.0,2099,0,692.0
5311,2017,GUBERNATURA,465.0,369.0,1385.0,2060,0,675.0
5312,2017,GUBERNATURA,199.0,255.0,746.0,1054,0,308.0
5313,2017,GUBERNATURA,294.0,278.0,988.0,1455,0,467.0
5314,2017,GUBERNATURA,291.0,289.0,1083.0,1547,0,464.0
5315,2017,GUBERNATURA,147.0,129.0,522.0,703,0,181.0
5316,2017,GUBERNATURA,396.0,434.0,1451.0,2167,0,716.0
5317,2017,GUBERNATURA,754.0,784.0,2673.0,4556,0,1883.0
5318,2017,GUBERNATURA,730.0,776.0,2481.0,3920,0,1439.0
5319,2017,GUBERNATURA,408.0,383.0,1361.0,2190,0,829.0
5320,2017,GUBERNATURA,467.0,467.0,1594.0,2347,0,753.0
5321,2017,GUBERNATURA,296.0,297.0,1019.0,1444,0,425.0
5322,2017,GUBERNATURA,312.0,343.0,1137.0,1663,0,526.0
5323,2017,GUBERNATURA,552.0,678.0,2416.0,4120,0,1704.0
5324,2017,GUBERNATURA,385.0,422.0,1360.0,2173,0,813.0
5325,2017,GUBERNATURA,323.0,372.0,1190.0,1810,0,620.0
5326,2017,GUBERNATURA,432.0,484.0,1599.0,2398,0,799.0
5327,2017,GUBERNATURA,261.0,295.0,1015.0,1515,0,500.0
5328,2017,GUBERNATURA,208.0,193.0,728.0,1012,0,284.0
5329,2017,GUBERNATURA,448.0,476.0,1584.0,2383,0,799.0
5330,2017,GUBERNATURA,661.0,652.0,2501.0,4124,0,1623.0
5331,2017,GUBERNATURA,231.0,198.0,805.0,1293,0,488.0
5332,2017,GUBERNATURA,223.0,200.0,769.0,1256,0,487.0
5333,2017,GUBERNATURA,308.0,282.0,1059.0,1621,0,562.0
5334,2017,GUBERNATURA,468.0,482.0,1691.0,2612,0,921.0
5335,2017,GUBERNATURA,790.0,840.0,3044.0,5095,0,2051.0
5336,2017,GUBERNATURA,478.0,396.0,1587.0,2579,0,992.0
5337,2017,GUBERNATURA,588.0,481.0,1785.0,3193,0,1408.0
5338,2017,GUBERNATURA,354.0,356.0,1129.0,1905,0,776.0
5339,2017,GUBERNATURA,436.0,424.0,1457.0,2360,0,903.0
5340,2017,GUBERNATURA,198.0,309.0,937.0,1482,0,545.0
5341,2017,GUBERNATURA,293.0,427.0,1272.0,1864,0,592.0
5342,2017,GUBERNATURA,328.0,382.0,1349.0,2078,0,729.0
5343,2017,GUBERNATURA,434.0,503.0,1643.0,2772,0,1129.0
5344,2017,GUBERNATURA,209.0,210.0,805.0,1303,0,498.0
5345,2017,GUBERNATURA,635.0,719.0,2481.0,3941,0,1460.0
5346,2017,GUBERNATURA,515.0,484.0,1992.0,2870,0,878.0
5347,2017,GUBERNATURA,382.0,427.0,1540.0,2256,0,716.0
5348,2017,GUBERNATURA,446.0,544.0,1724.0,2719,0,995.0
5349,2017,GUBERNATURA,999.0,1006.0,3512.0,5928,0,2416.0
5350,2017,GUBERNATURA,978.0,1119.0,3931.0,6515,0,2584.0
5351,2017,GUBERNATURA,518.0,576.0,2115.0,3314,0,1199.0
5352,2017,GUBERNATURA,138.0,188.0,522.0,743,0,221.0
5353,2017,GUBERNATURA,215.0,272.0,840.0,1144,0,304.0
5354,2017,GUBERNATURA,752.0,738.0,2575.0,3974,0,1399.0
5355,2017,GUBERNATURA,798.0,374.0,2017.0,3878,0,1861.0
5356,2017,GUBERNATURA,685.0,313.0,1631.0,2562,0,931.0
5357,2017,GUBERNATURA,259.0,115.0,704.0,1200,0,496.0
5358,2017,GUBERNATURA,450.0,186.0,1182.0,1839,0,657.0
5359,2017,GUBERNATURA,652.0,480.0,1926.0,3192,0,1266.0
5360,2017,GUBERNATURA,419.0,337.0,1324.0,2058,0,734.0
5361,2017,GUBERNATURA,375.0,209.0,1211.0,1999,0,788.0
5362,2017,GUBERNATURA,1002.0,676.0,2875.0,5364,0,2489.0
5363,2017,GUBERNATURA,311.0,424.0,1458.0,2581,0,1123.0
5364,2017,GUBERNATURA,585.0,486.0,1737.0,2995,0,1258.0
5365,2017,GUBERNATURA,430.0,275.0,1212.0,2029,0,817.0
5367,2017,GUBERNATURA,402.0,217.0,1101.0,1871,0,770.0
5368,2017,GUBERNATURA,787.0,278.0,1508.0,2765,0,1257.0
5369,2017,GUBERNATURA,309.0,227.0,1068.0,1895,0,827.0
5370,2017,GUBERNATURA,620.0,284.0,1466.0,2525,0,1059.0
5371,2017,GUBERNATURA,209.0,199.0,667.0,1085,0,418.0
5372,2017,GUBERNATURA,530.0,580.0,2056.0,3515,0,1459.0
5373,2017,GUBERNATURA,519.0,391.0,1749.0,2644,0,895.0
5374,2017,GUBERNATURA,530.0,297.0,1488.0,2338,0,850.0
5375,2017,GUBERNATURA,491.0,238.0,1290.0,2218,0,928.0
5376,2017,GUBERNATURA,678.0,568.0,2233.0,3712,0,1479.0
5377,2017,GUBERNATURA,280.0,213.0,861.0,1523,0,662.0
5378,2017,GUBERNATURA,552.0,409.0,1704.0,3015,0,1311.0
5379,2017,GUBERNATURA,464.0,402.0,1509.0,2474,0,965.0
5380,2017,GUBERNATURA,309.0,343.0,1229.0,1875,0,646.0
5381,2017,GUBERNATURA,734.0,445.0,2062.0,3482,0,1420.0
5382,2017,GUBERNATURA,727.0,583.0,2409.0,4126,0,1717.0
5383,2017,GUBERNATURA,373.0,289.0,1236.0,2044,0,808.0
5384,2017,GUBERNATURA,644.0,381.0,1779.0,3106,0,1327.0
5385,2017,GUBERNATURA,353.0,160.0,708.0,1183,0,475.0
5386,2017,GUBERNATURA,592.0,329.0,1222.0,2068,0,846.0
5387,2017,GUBERNATURA,306.0,225.0,924.0,1544,0,620.0
5388,2017,GUBERNATURA,645.0,403.0,1874.0,3390,0,1516.0
5389,2017,GUBERNATURA,849.0,437.0,1956.0,3586,0,1630.0
5390,2017,GUBERNATURA,786.0,643.0,2456.0,4121,0,1665.0
5391,2017,GUBERNATURA,548.0,396.0,1407.0,2350,0,943.0
5392,2017,GUBERNATURA,610.0,368.0,1487.0,2537,0,1050.0
5393,2017,GUBERNATURA,479.0,470.0,1470.0,2553,0,1083.0
5394,2017,GUBERNATURA,615.0,511.0,2212.0,3522,0,1310.0
5395,2017,GUBERNATURA,291.0,140.0,690.0,1163,0,473.0
5396,2017,GUBERNATURA,397.0,265.0,1191.0,1824,0,633.0
5397,2017,GUBERNATURA,719.0,374.0,1627.0,3433,0,1806.0
5398,2017,GUBERNATURA,485.0,627.0,1793.0,2815,0,1022.0
5399,2017,GUBERNATURA,572.0,601.0,2040.0,3141,0,1101.0
5400,2017,GUBERNATURA,356.0,417.0,1298.0,2000,0,702.0
5401,2017,GUBERNATURA,828.0,345.0,1895.0,3028,0,1133.0
5402,2017,GUBERNATURA,246.0,297.0,1117.0,1789,0,672.0
5403,2017,GUBERNATURA,334.0,485.0,1590.0,2539,0,949.0
5404,2017,GUBERNATURA,705.0,430.0,1853.0,3352,0,1499.0
5405,2017,GUBERNATURA,484.0,452.0,1704.0,2732,0,1028.0
5406,2017,GUBERNATURA,482.0,396.0,1485.0,2484,0,999.0
5407,2017,GUBERNATURA,486.0,384.0,1496.0,2567,0,1071.0
5408,2017,GUBERNATURA,474.0,392.0,1415.0,2338,0,923.0
5409,2017,GUBERNATURA,384.0,278.0,1141.0,1923,0,782.0
5410,2017,GUBERNATURA,779.0,566.0,2176.0,3894,0,1718.0
5411,2017,GUBERNATURA,568.0,387.0,1542.0,2804,0,1262.0
5412,2017,GUBERNATURA,613.0,435.0,1643.0,3075,0,1432.0
5413,2017,GUBERNATURA,183.0,139.0,591.0,963,0,372.0
5414,2017,GUBERNATURA,689.0,810.0,2754.0,4835,0,2081.0
5415,2017,GUBERNATURA,417.0,586.0,1752.0,3021,0,1269.0
5416,2017,GUBERNATURA,560.0,724.0,2426.0,4257,0,1831.0
5417,2017,GUBERNATURA,795.0,854.0,3215.0,5517,0,2302.0
5418,2017,GUBERNATURA,410.0,511.0,1742.0,3061,0,1319.0
5419,2017,GUBERNATURA,385.0,244.0,1158.0,1867,0,709.0
5420,2017,GUBERNATURA,283.0,227.0,975.0,1573,0,598.0
5421,2017,GUBERNATURA,286.0,222.0,1019.0,1659,0,640.0
5422,2017,GUBERNATURA,437.0,351.0,1417.0,2209,0,792.0
5423,2017,GUBERNATURA,379.0,403.0,1348.0,2624,0,1276.0
5424,2017,GUBERNATURA,291.0,252.0,947.0,1635,0,688.0
5425,2017,GUBERNATURA,604.0,543.0,2192.0,3412,0,1220.0
5426,2017,GUBERNATURA,228.0,227.0,728.0,1278,0,550.0
5427,2017,GUBERNATURA,111.0,60.0,307.0,492,0,185.0
5428,2017,GUBERNATURA,286.0,377.0,1232.0,2335,0,1103.0
5429,2017,GUBERNATURA,178.0,355.0,911.0,1510,0,599.0
5430,2017,GUBERNATURA,314.0,361.0,1222.0,2109,0,887.0
5431,2017,GUBERNATURA,371.0,581.0,1726.0,3082,0,1356.0
5432,2017,GUBERNATURA,255.0,226.0,930.0,1573,0,643.0
5433,2017,GUBERNATURA,402.0,603.0,1764.0,3391,0,1627.0
5434,2017,GUBERNATURA,502.0,461.0,1867.0,3128,0,1261.0
5435,2017,GUBERNATURA,298.0,376.0,1258.0,1869,0,611.0
5436,2017,GUBERNATURA,475.0,404.0,1768.0,2782,0,1014.0
5437,2017,GUBERNATURA,663.0,606.0,2196.0,3704,0,1508.0
5438,2017,GUBERNATURA,623.0,526.0,2046.0,3390,0,1344.0
5439,2017,GUBERNATURA,614.0,493.0,2011.0,3352,0,1341.0
5440,2017,GUBERNATURA,1337.0,1070.0,4095.0,7135,0,3040.0
6433,2017,GUBERNATURA,103.0,33.0,227.0,436,0,209.0
6434,2017,GUBERNATURA,107.0,145.0,475.0,742,0,267.0
6435,2017,GUBERNATURA,85.0,128.0,422.0,718,0,296.0
6436,2017,GUBERNATURA,161.0,75.0,393.0,655,0,262.0
6437,2017,GUBERNATURA,91.0,125.0,450.0,719,0,269.0
6438,2017,GUBERNATURA,114.0,80.0,339.0,552,0,213.0
6439,2017,GUBERNATURA,145.0,274.0,775.0,1353,0,578.0
6440,2017,GUBERNATURA,118.0,67.0,278.0,413,0,135.0
6441,2017,GUBERNATURA,103.0,130.0,467.0,773,0,306.0
6442,2017,GUBERNATURA,91.0,206.0,591.0,892,0,301.0
6443,2017,GUBERNATURA,165.0,63.0,362.0,549,0,187.0
6444,2017,GUBERNATURA,56.0,104.0,332.0,548,0,216.0
6445,2017,GUBERNATURA,83.0,101.0,357.0,563,0,206.0
6446,2017,GUBERNATURA,79.0,107.0,340.0,532,0,192.0
6447,2017,GUBERNATURA,84.0,58.0,256.0,429,0,173.0
6448,2017,GUBERNATURA,62.0,146.0,459.0,727,0,268.0
6449,2017,GUBERNATURA,63.0,114.0,330.0,459,0,129.0
6450,2017,GUBERNATURA,111.0,149.0,539.0,813,0,274.0
6451,2017,GUBERNATURA,60.0,93.0,306.0,445,0,139.0
6452,2017,GUBERNATURA,80.0,114.0,359.0,569,0,210.0
6453,2017,GUBERNATURA,161.0,66.0,340.0,506,0,166.0
6454,2017,GUBERNATURA,53.0,86.0,279.0,470,0,191.0
6455,2017,GUBERNATURA,117.0,163.0,531.0,839,0,308.0
6456,2017,GUBERNATURA,111.0,174.0,560.0,844,0,284.0
6457,2017,GUBERNATURA,78.0,89.0,298.0,488,0,190.0
6458,2017,GUBERNATURA,64.0,101.0,346.0,543,0,197.0
6459,2017,GUBERNATURA,106.0,154.0,487.0,771,0,284.0
6460,2017,GUBERNATURA,107.0,167.0,483.0,849,0,366.0
6461,2017,GUBERNATURA,118.0,97.0,411.0,615,0,204.0
6462,2017,GUBERNATURA,97.0,136.0,428.0,686,0,258.0
